Автор,Образование автора,Род деятельности на момент публикации текста,Время описываемых событий,Наличие изображений,Журнал,Дата издания,Откуда перепечатан текст,Название
Бланк В.Б.,Санкт-Петрбургский университет,чиновник,1849,отстутствуют,Ярославские епархиальные ведомости,1897,Русский архив,Путешествие в 1849 г. по Палестине г-на Бланка
Иосиф (Петровых),Московская духовная академия,архимандрит,1899,отстутствуют,Оренбургские епархиальные ведомости,1910,Христианин,Ночь на Голгофе и у гроба Господня
Анисимов А.,Харьковская духовная семинария,протоиерей,1881,отстутствуют,Литовские епархиальные ведомости,1885,Благовест,Из путевых записок русского пастыря о св. Востоке (Великий Четверг, Великая Суббота и праздник Пасхи в Иерусалиме)
Анисимов А.,Харьковская духовная семинария,протоиерей,1881,отстутствуют,Кавказкие епархиальные ведомости,1885,Могилевские епархиальные ведомости,Гора Фавор (из путевых записок русского пастыря о священном Востоке)
Анисимов А.,Харьковская духовная семинария,протоиерей,1881,отстутствуют,Могилевские епархиальные ведомости,1883,Благовест,Из путевых записок русского пастыря о священном Востоке
Анисимов А.,Харьковская духовная семинария,протоиерей,1889,отстутствуют,Нижегородские епархиальные ведомости,1899,Душеполезное чтение,Св. гора Афонская. (Из путевых записок поклонника, св.местам священнаго Востока) 
Аношкин П.,Пермская духовная семинария,семинарист,1910,отстутствуют,Пермские епархиальные ведомости,1912,Оригинальный текст,Впечатления паломника при входе в храм Воскресения (ночью)
Антонин (Капустин),Киевская духовная академия,архимандрит,1870,отстутствуют,Херсонские епархиальные ведомости,1870,Оригинальный текст,Из Иерусалима
Антонин (Капустин),Киевская духовная академия,архимандрит,1870,отстутствуют,Калужские епархиальные ведомости,1870,Херсонские епархиальные ведомости,Угрожающий Святой Земле голод (письмо из Иерусалима от 14 февраля 1870 г.)
Антонин (Капустин),Киевская духовная академия,архимандрит,1870,отстутствуют,Иркутские епархиальные ведомости,1870,Херсонские епархиальные ведомости,Из Иерусалима
Антонин (Капустин),Киевская духовная академия,архимандрит,1870,отстутствуют,Киевские епархиальные ведомости,1870,Херсонские епархиальные ведомости,Из Иерусалима
Антонин (Капустин),Киевская духовная академия,архимандрит,1869,отстутствуют,Херсонские епархиальные ведомости,1869,Оригинальный текст,Из Иерусалима
Антонин (Капустин),Киевская духовная академия,архимандрит,1880,отстутствуют,Курские епархиальные ведомости,1880,Церковный вестник,Заупокойная служба при гробе Господнем по усопшей Государыне Императрице
Антонин (Капустин),Киевская духовная академия,архимандрит,1870,отстутствуют,Херсонские епархиальные ведомости,1870,Оригинальный текст,Из Иерусалима
Антонин (Капустин),Киевская духовная академия,архимандрит,1871,отстутствуют,Херсонские епархиальные водомости,1871,Оригинальный текст,Из Иерусалима
Антонин (Капустин),Киевская духовная академия,архимандрит,1867,отстутствуют,Херсонские епархиальные ведомости,1867,Оригинальный текст,6-е января на Иордане
Антонин (Капустин),Киевская духовная академия,архимандрит,1867,отстутствуют,Херсонские епархиальные водомости,1867,Оригинальный текст,Пасха в Иерусалиме. 1867 г.
Антонин (Капустин),Киевская духовная академия,архимандрит,1869,отстутствуют,Нижегородские епархиальные ведомости,1869,Херсонские епархиальные ведомости,Из Иерусалима
Антонин (Капустин),Киевская духовная академия,архимандрит,1869,отстутствуют,Херсонские епархиальные водомости,1869,Оригинальный текст,Из Иерусалима
Антонин (Капустин),Киевская духовная академия,архимандрит,1866,отстутствуют,Херсонские епархиальные ведомости,1866,Оригинальный текст,Посвящение латинскаго епископа в Иерусалиме (Из письма поклонника П. Г. П-ни.)
Антонин (Капустин),Киевская духовная академия,архимандрит,1866,отстутствуют,Рязанские епархиальные ведомости,1866,Северная почта,Праздник 30 августа в Иерусалиме
Антонин (Капустин),Киевская духовная академия,архимандрит,1866,отстутствуют,Калужские епархиальные ведомости,1866,Северная почта,Праздник 30 августа в Иерусалиме
Антонин (Капустин),Киевская духовная академия,архимандрит,1866,отстутствуют,Херсонские епархиальные ведомости,1866,Северная почта,Праздник 30 августа в Иерусалиме
Берг Н.В.,Московский университет,писатель,1860,отстутствуют,Подольские епархиальные ведомости,1862,Московские ведомости,Православная церковь в Кайфе
Бобров П.А.,Астраханская духовная семинария,протоиерей,1890,отстутствуют,Саратовские епархиальные ведомости,1890,Оригинальный текст,Письма паломника
Бугославский П. ,Московская духовная академия,преподаватель,неизвестно,отстутствуют,Вера и жизнь,1912,Оригинальный текст,У берегов Святой Земли: (Из воспоминаний паломника)
Бугославский П. ,Московская духовная академия,преподаватель,неизвестно,отстутствуют,Вера и жизнь,1913,Оригинальный текст,Паломники на Иордане в праздник Крещения
Бурцев Ев.,Санкт-Петербургская духовная академия ,смотритель духовного училища,1914,отстутствуют,Оренбургские епархиальные ведомости,1915,Оригинальный текст,От Оренбурга до Палестины и обратно (12 июня - 7 августа 1914 г.)
Великолуцкая М.,неизвестно,писатель,неизвестно,отстутствуют,Известия по Казанской епархии,1905,Отдых христианина,Русский уголок на Елеоне. (Из быта паломниц в Иерусалиме)
Вендеревский А.А.,неизвестно,купец,1886,отстутствуют,Астраханские епархиальные ведомости,1887,Оригинальный текст,Путевые заметки о Св. Горе Афонской и Палестине
Виктор (Островидов),Казанская духовная академия,иеромонах,1906,отстутствуют,Волынские епархиальные ведомости,1906,Оригинальный текст,Письмо о. иеромонаха Виктора из св. Земли о крещенском празднике
Аполлинарий (Шипков),неизвестно,иеромонах,неизвестно,отстутствуют,Орловские епархиальные ведомости,1889,Оригинальный текст,Путевые заметки инока-паломнина о Константинополе, Афоне, Синае и Иерусалиме
Владимир (Сеньковский),Херсонская духовная семинария,архиепископ,1911,отстутствуют,Донские епархиальные ведомости,1911,Оригинальный текст,Возвращение Его Высокопреосвященства, Высокопреосвященнейшего Владимира, Архиепископа Донского и Новочеркасского, из поездки в Египет и Св. Землю
Вуколов М.И.,Орловская духовная семинария,протоиерей,1912,отстутствуют,Орловские епархиальные ведомости,1913,Оригинальный текст,Впечатления палестинского паломника
Горохов Д.В.,Киевская духовная академия,преподаватель,1914,отстутствуют,Киевские епархиальные ведомости,1916,Оригинальный текст,В Святой земле (воспоминания паломника)
Громцев Н.В.,Московская духовная академия, преподаватель,1905,отстутствуют,Ставропольские епархиальные ведомости,1906,Оригинальный текст,По пути в Св. Землю. Из дневника студента-экскурсанта на Восток
Гусев Н.Г.,Казанская духовная академия,преподаватель,1898,отстутствуют,Вятские епархиальные ведомости,1900,Оригинальный текст,Путешествие во Святую землю
Дмитриев Д.,Казанская духовная академия,студент,1907,отстутствуют,Симбирские епархиальные ведомости,1912,Оригинальный текст,Из дневника паломника на Св. землю
Добротворский И. ,Нижегородская духовная семинария,протоиерей,1888,отстутствуют,Нижегородские епархиальные ведомости,1915,Оригинальный текст,К дубу Мамврийскому (Из записок сергачскаго паломника-туриста)
Добротворский И. ,Нижегородская духовная семинария,протоиерей,1888,отстутствуют,Нижегородские епархиальные ведомости,1913,Оригинальный текст,Поездка на Иордан (Из дневника сергачскаго паломника-туриста) 
Добротворский И. ,Нижегородская духовная семинария,протоиерей,1888,отстутствуют,Нижегородские епархиальные ведомости,1913,Оригинальный текст,Константинополь (Из записок сергачскаго паломника-туриста)
Добротворский И. ,Нижегородская духовная семинария,протоиерей,1888,отстутствуют,Нижегородские епархиальные ведомости,1914,Оригинальный текст,Святая земля - Палестина. (Из записок сергачскаго паломника-туриста) 
Добротворский И. ,Нижегородская духовная семинария,протоиерей,1888,отстутствуют,Нижегородские епархиальные ведомости,1911,Оригинальный текст,В Иерусалиме. Воспоминания сергачскаго паломника-туриста
Дорофеев Ф.Е.,неизвестно,мещанин,1875,отстутствуют,Калужские епархиальные ведомости,1875,Саратовские епархиальные ведомости,Вразумление Божие глаголемому, русскому старообрядцу в храме воскресения Христова, во св. граде Иерусалиме (Рассказ священно-инока Иерусалимского Леонтия русским паломникам в настоящем 1875 г .)
Дорофеев Ф.Е.,неизвестно,мещанин,1875,отстутствуют,Саратовские епархиальные ведомости,1875,Оригинальный текст,Вразумление Божие глаголемому, русскому старообрядцу в храме воскресения Христова, во св. граде Иерусалиме (Рассказ священно-инока Иерусалимского Леонтия русским паломникам в настоящем 1875 г.)
Дорошевич В.М.,московская гимназия,писатель,неизвестно,отстутствуют,Смоленские епархиальные ведомости,1902,Отдых христианина,За светлой утреней в  Иepycaлиме 
Дорошевич В.М.,московская гимназия,писатель,неизвестно,отстутствуют,Иркутские епархиальные ведомости,1902,Книга «В Земле Обетованной. (Палестина)»,За светлой утреней в  Иepycaлиме
Дорошевич В.М.,московская гимназия,писатель,неизвестно,отстутствуют,Литовские епархиальные ведомости,1902,Книга «В Земле Обетованной. (Палестина)»,Светлая заутреня
Дорошевич В.М.,московская гимназия,писатель,неизвестно,отстутствуют,Ярославские епархиальные ведомости,1905,Книга «В Земле Обетованной. (Палестина)»,Река Иордан. (Из записок путешественника)
Елисеев А.Б.,Петербургская военно-медицинская академия,писатель,1884,отстутствуют,Могилевские епархиальные ведомости,1896,Книга «С русскими паломниками на Святой Земле весною 1884 года». ,Праздник Богоявления на Иордане в Палестине (Из очерков А.Б. Елисеева) 
Елисеев А.Б.,Санкт-Петербургская военно-медицинская академия,писатель,1884,отстутствуют,Смоленские епархиальные ведомости,1896,Книга «С русскими паломниками на Святой Земле весною 1884 года». ,Праздник Богоявления на Иордане в Палестине (Из очерков А.Б. Елисеева) 
Ефимов А.,Киевская духовная академия,священник,1890,отстутствуют,Вера и жизнь,1912,Оригинальный текст,Впечатления паломника в Иерусалимском храме Воскресения
Ефимов А.,Киевская духовная академия,священник,1890,отстутствуют,Вера и жизнь,1913,Оригинальный текст,Воспоминания паломника о яслях Вифлеемских
Ефимов А.,Киевская духовная академия,священник,1890,отстутствуют,Вера и жизнь,1913,Оригинальный текст,Воспоминания паломника о поездке в Хеврон
Ефимов А.,Киевская духовная академия,священник,1890,отстутствуют,Вера и жизнь,1913,Оригинальный текст,Воспоминания паломника о Святой земле: Храм Воскресения и его достопримечательности и святыни
Ефимов А.,Киевская духовная академия,Священник,1890,отстутствуют,Черниговские епархиальные ведомости,1901,Оригинальный текст,Чтение для народа о святой Земле 
Землянников И.,Пермская духовная семинария,семинарист,1910,отстутствуют,Пермские епархиальные ведомости,1912,Оригинальный текст,Общее собрание Пермского отдела Императорского Православного Палестинского общества
Землянников И.,Пермская духовная семинария,семинарист,1910,отстутствуют,Пермские епархиальные ведомости,1915,Оригинальный текст,Несколько слов о Константинополе и об его святынях (из моих путевых заметок)
Знамировский Н.И.,Казанская духовная академия,преподаватель,1910,отстутствуют,Пермские епархиальные ведомости,1915,Оригинальный текст,Под священной сенью Гефсимании (по личным печатлениям)
Знамировский Н.И.,Казанская духовная академия,преподаватель,1910,отстутствуют,Пермские епархиальные ведомости,1912,Оригинальный текст,Общее собрание Пермского отдела Императорского Православного Палестинского общества
Знамировский Н.И.,Казанская духовная академия,преподаватель,1910,отстутствуют,Пермские епархиальные ведомости,1913,Оригинальный текст,Ночь на Голгофе (По личным впечатлениям)
Иванов А.,неизвестно,неизвестно,1893,отстутствуют,Церковые ведомости,1893,Оригинальный текст,Русское празднество въ Яффе
Иероним (Суханов),неизвестно,иеромонах,1858,отстутствуют,Тверские епархиальные ведомости,1904,Оригинальный текст,Вифлеемская звезда
Иннокентий (Немиров),Санкт-Петербургская духовная академия ,архимандрит,1872,отстутствуют,Ярославские епархиальные ведомости,1874,Оригинальный текст,Путевые впечатления при посещении и поклонении Святым местам Палестины в 1872 г.
Иннокентий (Немиров Иона Макарович),Санкт-Петербургская духовная академия ,архимандрит,1872,отстутствуют,Ярославские епархиальные ведомости,1876,Оригинальный текст,Путевые впечатления при посещении св. горы Афона и поклонении святыням оного в 1872 году
К.,неизвестно,священник,1841,отстутствуют,Саратовские епархиальные ведомости,1893,Оригинальный текст,Саратовский паломник о. Паисий у св. мест Палестины
К.И.,неизвестно,преподаватель,неизвестно,отстутствуют,Вятские епархиальные ведомости,1914,Оригинальный текст,Поездка к дубу Мамврийскому (Воспоминание паломника)
К.И.,неизвестно,преподаватель,неизвестно,отстутствуют,Вятские епархиальные ведомости,1913,Оригинальный текст,Из записок паломника
Каминский В.К. ,лицей,писатель,1863,отстутствуют,Полтавские епархиальные ведомости,1864,Духовная беседа,Русское богоугодное заведение в Иерусалиме
Каминский В.К. ,лицей,писатель,1863,отстутствуют,Херсонские епархиальные ведомости,1864,Духовная беседа,Русское богоугодное заведение в Иерусалиме
Каминский В.К. ,лицей,писатель,1863,отстутствуют,Литовские епархиальные ведомости,1864,Духовная беседа,Русское богоугодное заведение в Иерусалиме  (Из воспоминаний поклонника св. Гроба)
Карашевич Н.С.,Волынская духовная семинария,протоиерей,1872,отстутствуют,Волынские епархиальные ведомости,1874,Оригинальный текст,Записки о путешествиях по Святым местам Востока
Картушин К.А. ,домашнее образование,псаломщик,1893,отстутствуют,Донские епархиальные ведомости,1894,Оригинальный текст,Поездка в Палестину  с миссионерскою целью с 3 декабря 1893 по 4 февраля 1894
Касторский А.П.,Казанская духовная академия,преподаватель,1907,отстутствуют,Костромские епархиальные ведомости,1909,Оригинальный текст,Паломничество в Палестину и Афон
Кедров П.П.,Санкт-Петербургская духовная академия ,преподаватель,1909,отстутствуют,Вестник Виленского православного Свято-Духовского братства,1910,Оригинальный текст,По Святой земле (Из личных впечатлений паломника)
Ковальницкий А.,Киевская духовная академия,протоеирей,1884,отстутствуют,Варшавский епархиальный листок,1911,Оригинальный текст,По Святой земле
Ковальницкий А.,Киевская духовная академия,протоиерей,1884,отстутствуют,Волынские епархиальные ведомости,1888,Странник,Стена плача иудеев в Иерусалиме и взгляд на евреев нашего времени
Ковальницкий А.,Киевская духовная академия,протоиерей,1884,отстутствуют,Волынские епархиальные ведомости,1887,Книга «Из путешествия в Св. землю»,Базилика Св. Анны и униаты в Иерусалиме. (Отрывок из описания путешествия в святую землю Протоиерея А. Ковальницкого)
Ковальницкий А.,Киевская духовная академия,протоиерей,1884,отстутствуют,Холмско-Варшавский епархиальный вестник,1887,Странник,Базилика Св. Анны и униаты в Иерусалиме. (Отрывок из описания путешествия в святую землю Протоиерея А. Ковальницкого)
Ковальницкий А.,Киевская духовная академия,протоиерей,1884,отстутствуют,Холмско-Варшавский епархиальный вестник,1888,Странник,В Иерусалимском храме Гроба Господня. Из путешествия в Св. землю протоиерея А. Ковальницкого
Ковальницкий А.,Киевская духовная академия,протоиерей,1884,отстутствуют,Холмско-Варшавский епархиальный вестник,1896,Книга «Из путешествия в Св. землю»,Евреи нашего времени в Иерусалиме и взгляд на современный нам еврейский вопрос
Ковальницкий А.,Киевская духовная академия,протоиерей,1884,отстутствуют,Холмско-Варшавский епархиальный вестник,1896,Книга «Из путешествия в Св. землю»,Елеонская гора. Место Вознесения Господня на небо
Ковальницкий А.,Киевская духовная академия,протоиерей,1884,отстутствуют,Волынские епархиальные ведомости,1888,Странник,О видениях некоторым девицам Римско-католического исповедания (Из путешествия в Святую землю Протоиерея А. Ковальницкого)
Ковальницкий А.,Киевская духовная академия,протоиерей,1884,отстутствуют,Холмско-Варшавский епархиальный вестник,1887,Странник,"Ковальницкий А. О видениях некоторым ""святым девицам"" римско-католического исповедания"
Ковальницкий А.,Киевская духовная академия,протоиерей,1884,отстутствуют,Холмско-Варшавский епархиальный вестник,1887,Странник,Заметка об отношении евреев к христианам. Из путешествия Св. землю протоиерея А. Ковальницкого
Ковальницкий А.,Киевская духовная академия,протоиерей,1884,отстутствуют,Волынские епархиальные ведомости,1887,Книга «Из путешествия в Св. землю»,Скорбный путь Господа нашего Иисуса Христа в Іерусалиме (Via dolorosa) и p.-католические станции (Отрывок из описания путешествия в святую землю Протоиерея А. Ковальницкого)
Ковальницкий А.,Киевская духовная академия,протоиерей,1884,отстутствуют,Холмско-Варшавский епархиальный вестник,1886,Странник,Страстный путь Господа нашего И. Христа в Иерусалиме (?іа dolorosa )
Ковальницкий А.,Киевская духовная академия,протоиерей,1884,отстутствуют,Холмско-Варшавский епархиальный вестник,1894,Книга «Из путешествия в Св. землю»,Храм Воскресения Господня в Иерусалиме в день Пасхи
Ковальницкий А.,Киевская духовная академия,протоиерей,1844,отстутствуют,Волынские епархиальные ведомости,1887,Странник,В Иерусалим вечером и священник на Голгофе у креста Господня
Ковальницкий А. и Модест,Киевская духовная академия,протоиерей,1844,отстутствуют,Волынские епархиальные ведомости,1899,Странник,Высокопреосвященный Модест, Архиепископ Волынский и Житомирский
Корельский Г. ,неизвестно,священник,1906,отстутствуют,Архангельские епархиальные ведомости,1912,Оригинальный текст,Воспоминания о путешествии по Святой Земле
Коропов И.,неизвестно,священник,1899,отстутствуют,Полтавские епархиальные ведомости,1901,Оригинальный текст,Мои воспоминания о путешествии в св. град Иерусалим
Крючков В.,Олонецкая духовная семинария,священник,1901,отстутствуют,Олонецкие епархиальные ведомости,1912,Оригинальный текст,Из воспоминаний о путешествии во Святую Землю
Лавровский С.,Минская духовная семинария,священник,1900,отстутствуют,Минские епархиальные ведомости,1902,Оригинальный текст,Поездка во Святую Землю
Лукьянов И.,неизвестно,купец,1701,отстутствуют,Калужские епархиальные ведомости,1862,Оригинальный текст,Записки инока, уроженца г. Калуги, о его странствовании во святой град Иерусалим из Москвы через Молдавию, Турцию, Египет в самом начале прошедшего столетия
М.И.П.,Восточный институт,иеромонах,1900,отстутствуют,Иркутские епархиальные ведомости,1900,Оригинальный текст,Ко Гробу Господню
Мерцалов Е.А.,Московская духовная академия,преподаватель,1899,отстутствуют,Олонецкие епархиальные ведомости,1899,Оригинальный текст,"От Петрозаводска до Иерусалима и обратно (путевые заметки и впечатления
паломника)"
Мерцалов Е.А.,Московская духовная академия,преподаватель,1899,отстутствуют,Олонецкие епархиальные ведомости,1902,Оригинальный текст,"Горняя. Из очерков паломника
"
Мерцалов Е.А.,Московская духовная академия,преподаватель,1899,отстутствуют,Олонецкие епархиальные ведомости,1901,Оригинальный текст,Вифлеем (из очерков паломника)
Мерцалов Е.А.,Московская духовная академия,преподаватель,1899,отстутствуют,Олонецкие епархиальные ведомости,1901,Оригинальный текст,Гефсиманская весь и Вифания (из очерков паломника)
Мерцалов Е.А.,Московская духовная академия,преподаватель,1899,отстутствуют,Олонецкие епархиальные ведомости,1900,Оригинальный текст,Иордан и Мертвое море (из путевых очерков паломника)
Мирошниченко А.,Холмская духовная семинария,священник,1914,отстутствуют,Екатеринославские епархиальные ведомости,1914,Оригинальный текст,Паломничество в Святую землю. (Из дневника паломника-священника)
Митрофан (Абрамов),Казанская духовная академия,архимандрит,1910,отстутствуют,Волынские епархиальные ведомости,1910,Оригинальный текст,С Волыни в Палестину и на Афон
Митрофан (Абрамов),Казанская духовная академия,архимандрит,1914,отстутствуют,Волынские епархиальные ведомости,1914,Оригинальный текст,Беседа
Михаил (Грибановский),Санкт-Петербургская духовная академия ,архимандрит,1893,отстутствуют,Таврические епархиальные ведомости,1910,Оригинальный текст,Письма Преосвященного Михаила, почившего Епископа Таврического
Москвичка,неизвестно,неизвестно,1882,отстутствуют,Московские церковные ведомости,1882,Оригинальный текст,Два письма из Иерусалима в Москву
Никандр (Чуватин),начальное училище,игумен,1906,отстутствуют,Архангельские епархиальные ведомости,1913,Оригинальный текст,Из заметок о путешествии на Ближний Восток игумена Никандра, состоявшего в братстве Соловецкого монастыря
Никанор (Каменский),Казанская духовная академия,епископ,1888,отстутствуют,Орловские епархиальные ведомости,1900,Оригинальный текст,Воспоминания о путешествии в Египет
Никанор (Каменский),Казанская духовная академия,епископ,1888,отстутствуют,Смоленские епархиальные ведомости,1898,Оригинальный текст,Беседа Преосвященного Никанора, епископа Смоленского и Дорогобужского, о путешестии в Вифлеем, окрестности его и к Мамврийскому дубу
Никанор (Каменский),Казанская духовная академия,епископ,1888,отстутствуют,Смоленские епархиальные ведомости,1897,Оригинальный текст,О путешествии на Иордан (Воспоминание) 
Никифоровский А.,Витебская духовная семинария,священник,1912,отстутствуют,Полоцкие епархиальные ведомости,1912,Оригинальный текст,Паломничество во Святую Землю
Носилов К.,Пермская духовная семинария,писатель,1886,отстутствуют,Варшавский епархиальный листок,1914,Новое время,На Родине Спасителя. Из путешествия по Палестине
Козицкий П.А.,Киевская духовная академия,преподаватель,1896,отстутствуют,Тамбовские епархиальные ведомости,1898,Тамбовские епархиальные ведомости,Via dolorosa и Сионская горница
Козицкий П.А.,Киевская духовная академия,преподаватель,1896,отстутствуют,Тамбовские епархиальные ведомости,1896,Оригинальный текст,Via dolorosa и Сионская горница
Козицкий П.А.,Киевская духовная академия,преподаватель,1896,отстутствуют,Нижегородские епархиальные ведомости,1899,Тамбовские епархиальные ведомости,Хеврон
Козицкий П.А.,Киевская духовная академия,преподаватель,1896,отстутствуют,Тамбовские епархиальные ведомости,1897,Оригинальный текст,Хеврон
Козицкий П.А.,Киевская духовная академия,преподаватель,1896,отстутствуют,Тамбовские епархиальные ведомости,1896,Оригинальный текст,По пути в Палестину
Козицкий П.А.,Киевская духовная академия,преподаватель,1896,отстутствуют,Тамбовские епархиальные ведомости,1896,Оригинальный текст,От Яфы до Иерусалима
Козицкий П.А.,Киевская духовная академия,преподаватель,1896,отстутствуют,Тамбовские епархиальные ведомости,1896,Оригинальный текст,Иерусалим и храм Гроба Господня в нем
Козицкий П.А.,Киевская духовная академия,преподаватель,1896,отстутствуют,Тамбовские епархиальные ведомости,1896,Оригинальный текст,Харам-еш-Шариф, Овчая купель и Стена плача
Козицкий П.А.,Киевская духовная академия,преподаватель,1896,отстутствуют,Тамбовские епархиальные ведомости,1897,Оригинальный текст,Гефсимания и Елеон
Козицкий П.А.,Киевская духовная академия,преподаватель,1896,отстутствуют,Енисейские епархиальные ведомости,1897,Тамбовские епархиальные ведомости,От Иерусалима до Вифлеема и Вифлеем
Козицкий П.А.,Киевская духовная академия,преподаватель,1896,отстутствуют,Тамбовские епархиальные ведомости,1897,Оригинальный текст,От Иерусалима до Вифлеема и Вифлеем
Козицкий П.А.,Киевская духовная академия,преподаватель,1896,отстутствуют,Тамбовские епархиальные ведомости,1896,Оригинальный текст,Иерусалимские катакомбы и монолиты
Павел Прусский,неизвестно,архимандрит,1881,отстутствуют,Кавказкие епархиальные ведомости,1883,Душеполезное чтение,Из описания путешествия во св. град Иерусалим и прочие св. места архимандрита Павла (Прусского)
Палестинский богомолец,неизвестно,неизвестно,неизвестно,отстутствуют,Новгородские епархиальные ведомости,1896,Воскресное чтение,Пасхальная ночь в Иерусалиме. (Воспоминание палестинскаго богомольца) 
Палестинский богомолец,неизвестно,неизвестно,неизвестно,отстутствуют,Литовские епархиальные ведомости,1897,Воскресное чтение,Пасхальная ночь в Иерусалиме
Палестинский богомолец,неизвестно,неизвестно,неизвестно,отстутствуют,Оренбургские епархиальные ведомости,1897,Воскресное чтение,Пасхальная ночь в Иерусалиме
Палестинский богомолец,неизвестно,неизвестно,неизвестно,отстутствуют,Тверские епархиальные ведомости,1881,Воскресное чтение,Ночь на Пасху в Иерусалиме (Воспоминание палестинского богомольца)
Паломник,неизвестно,неизвестно,неизвестно,отстутствуют,Саратовские епархиальные ведомости,1897,Церковный вестник,Праздник Рождества в Вифлееме (Из воспоминаний паломника)
ПаломникI,неизвестно,неизвестно,неизвестно,отстутствуют,Волынские епархиальные ведомости,1904,Оригинальный текст,"Письмо на имя Его Преосвященства, надзирателя духовного
училища(Из Святой земли)"
Парфений (Агеев),неизвестно,монах,1845,отстутствуют,Саратовские епархиальные ведомости,1897,Радость христианина,Светлый праздник в Иерусалиме. Из воспоминаний поклонника
Парфений (Агеев),неизвестно,монах,1845,отстутствуют,Нижегородские епархиальные ведомости,1898,Радость христианина,Светлый праздник в Иерусалиме. Из воспоминаний поклонника
Парфений (Агеев),неизвестно,монах,1845,отстутствуют,Полоцкие епархиальные ведомости,1898,Нижегородские епархиальные ведомости,Светлый праздник в Иерусалиме. Из воспоминаний поклонника
Парфений (Агеев),неизвестно,монах,1845,отстутствуют,Полтавские епархиальные ведомости,1898,Радость христианина,Светлый праздник в Иерусалиме. Из воспоминаний поклонника
Парфений (Агеев),неизвестно,монах,1845,отстутствуют,Енисейские епархиальные ведомости,1898,Радость христианина,Светлый праздник в Иерусалиме. Из воспоминаний поклонника
Парфений (Агеев),неизвестно,монах,1845,отстутствуют,Литовские епархиальные ведомости,1898,Наставления и утешения святой веры христианской,Светлый праздник в Иерусалиме
Патин К.А. ,неизвестно,чиновник,1911,отстутствуют,Известия по Казанской епархии,1912,Тамбовские епархиальные ведомости,На берегу Галилейского моря. (Из моих впечатлений в Палестине)
Патин К.А. ,неизвестно,чиновник,1911,отстутствуют,Екатеринбурские епархиальные ведомости,1912,Тамбовские епархиальные ведомости,На берегу Галилейского моря. (Из моих палестинских впечатлений)
Патин К.А. ,неизвестно,чиновник,1911,присутствуют,Тамбовские епархиальные ведомости,1911,Оригинальный текст,Из моих палестинских впечатлений
Пономарев С.И.,Киевский университет,писатель,1873,отстутствуют,Черниговские епархиальные ведомости,1900,Киевские епархиальные ведомости,Иерусалим
Пономарев С.И.,Киевский университет,писатель,1873,отстутствуют,Пермские епархиальные ведомости,1886,Книга «По Святой земле»,Слово правды паломника о нашем земляке (Из палестиснких впечатлений)
Пономарев С.И.,Киевский университет,писатель,1873,отстутствуют,Оренбургские епархиальные ведомости,1877,Киевские епархиальные ведомости,Из палестинских впечатлений. Поездка к Мамврийскому дубу 
Пономарев С.И.,Киевский университет,писатель,1873,отстутствуют,Черниговские епархиальные ведомости,1901,Киевские епархиальные ведомости,Голгофа
Пономарев С.И.,Киевский университет,писатель,1873,отстутствуют,Нижегородские епархиальные ведомости,1904,СИППО,Фавор и Назарет
Пономарев С.И.,Киевский университет,писатель,1873,отстутствуют,Киевские епархиальные ведомости,1875,Оригинальный текст,Из палестинских впечатлений
Поселянин Е.,Московский университет,писатель,1913,отстутствуют,Вятские епархиальные ведомости,1915,Новое время,В Иерусалиме
Православный араб,неизвестно,неизвестно,неизвестно,отстутствуют,Тульские епархиальные ведомости,1910,Оригинальный текст,Великая суббота в Иерусалиме. Из личных наблюдений
Преображенский А.,неизвестно,священник,1892,отстутствуют,Ярославские епархиальные ведомости,1899,Оригинальный текст,Поездка в Новый Иерусалим, в связи с воспоминаниями о путешествии во Св. Землю
Преображенский В.,Московская духовная академия,преподаватель,1888,отстутствуют,Ярославские епархиальные ведомости,1899,Оригинальный текст,Страничка из дневника паломника
Преображенский В.,Московская духовная академия,преподаватель,1888,отстутствуют,Ярославские епархиальные ведомости,1900,Оригинальный текст,Поездка к Иордану. Из воспоминаний паломника
Протопопов В.И.,Казанская духовная академия,преподаватель,1910,нет,Тобольские епархиальные ведомости,1911,Оригинальный текст,Письма из Иерусалима
Путешественник,неизвестно,неизвестно,неизвестно,отстутствуют,Известия по Казанской епархии,1898,Свет,В Палестину
Путешественник,неизвестно,неизвестно,неизвестно,отстутствуют,Енисейские епархиальные ведомости,1898,Известия по Казанской епархии,В Палестину
Путешественник,неизвестно,неизвестно,неизвестно,отстутствуют,Костромские епархиальные ведомости,1898,Свет,С наступлением Великого поста
Путешественник,неизвестно,неизвестно,неизвестно,отстутствуют,Новгородские епархиальные ведомости,1898,Свет,Заметки путешественника в Палестину
ПутешественникII,неизвестно,неизвестно,неизвестно,отстутствуют,Симбирские епархиальные ведомости,1911,Воскресный благовест,У Гроба Господня (путевые очерки)
Розанов В.,Московская духовная академия,преподаватель,1908,отстутствуют,Ставропольские епархиальные ведомости,1908,Оригинальный текст,По ближнему Востоку
Русанов Н.Н. ,Казанская духовная академия,священник,1909,отстутствуют,Саратовские епархиальные ведомости,1910,Оригинальный текст,Ближний Восток (Из поездки в Святую Землю, Египет и Грецию учеников, средних учебных заведений гор. Саратова)
Рыжановский И.,без образования,священник,1867,отстутствуют,Подольские епархиальные ведомости,1868,Оригинальный текст,Описание путешествия священника Подольской епархии Иоанна Рыжановского в Иерусалим, его окрестности и на Св. Гору Афон, 1867 года
Селиванов,неизвестно,неизвестно,1881,отстутствуют,Новгородские епархиальные ведомости,1896,Московские ведомости,Вечерня первого дня на Пасху в Иерусалиме (Из письма)
С.А.,неизвестно,неизвестно,1886,отстутствуют,Владимирские епархиальные ведомости,1887,Новое время,Вифлеем (Из поездки в октябре 1886 г)
Селихов И.А.,учительская семинария,священник,1906,отстутствуют,Тобольские епархиальные ведомости,1906,Оригинальный текст,О паломническом странствовании моем на ближний Восток в Турции
С-ков С.,неизвестно,чиновник,1913,отстутствуют,Таврические епархиальные ведомости,1914,Оригинальный текст,Впечатления паломника в Святой Град Иерусалим и другие святые места Палестины
Смышляев Д.Д,Пермская гимназия,писатель,1885,отстутствуют,Пермские епархиальные ведомости,1890,Оригинальный текст,Воспоминание о Востоке
Смышляев Д.Д.,Пермская гимназия,писатель,1886,отстутствуют,Пермские епархиальные ведомости,1886,Оригинальный текст,Письма с Востока
Смышляев Д.Д.,Пермская гимназия,писатель,1865,отстутствуют,Пермские епархиальные ведомости,1877,Оригинальный текст,На пути к Синаю (Из путевых записок 1865 г.)
Соболев Н.,Костромская духовная семинария,протоиерей,1893,отстутствуют,Костромские епархиальные ведомости,1894,Оригинальный текст,"Путешествие протоиерея Николая Соболева во град Иерусалим
в августе и сентябре 1893 года"
Софония,Санкт-Петербургская духовная академия ,епископ,1851,отстутствуют,Вологодские епархиальные ведомости,1865,Херсонские епархиальные ведомости,"Ощущения и мысли при виде Иерусалима 
(Воспоминания архимандрита, ныне еписнопа Софонии)"
Софония,Санкт-Петербургская духовная академия ,епископ,1851,отстутствуют,Херсонские епархиальные ведомости,1865,Христианское чтение,"Ощущения и мысли при виде Иерусалима 
(Воспоминания архимандрита, ныне еписнопа Софонии)"
Софония,Санкт-Петербургская духовная академия ,епископ,1851,отстутствуют,Херсонские епархиальные водомости,1864,Оригинальный текст,"Поездка на Иордан (Из дневных записок, веденных в 1851 году, во время путешествия из Константинополя в Сирию, Палестину, Грецию и обратно.
Архимандрита (ныне епископа) Софонии"
Софония,Санкт-Петербургская духовная академия ,епископ,1851,отстутствуют,Херсонские епархиальные ведомости,1867,Оригинальный текст,Пребывание в Иерусалиме
Старый паломник,неизвестно,неизвестно,неизвестно,отстутствуют,Енисейские епархиальные ведомости,1897,Радость христианина,Священный огонь Гроба Господня (старого паломника)
Старый паломник,неизвестно,неизвестно,неизвестно,отстутствуют,Листок Харьковской епархии,1903,Нива,Священный огонь Гроба Господня
Старый паломник,неизвестно,неизвестно,неизвестно,отстутствуют,Томские епархиальные ведомости,1895,Радость христианина,Священный огонь Гроба Господня (старого паломника)
Студитский И. ,Московская духовная академия,преподаватель,неизвестно,отстутствуют,Костромские епархиальные ведомости,1898,Оригинальный текст,У святынь Иерусалима Рассказ паломницы
Сулоцкий А.,Санкт-Петербургская духовная академия ,протоиерей,1850,отстутствуют,Иркутские епархиальные ведомости,1872,Оригинальный текст,Киргиз Сибирского ведомства на поклонении св. местам Русским и Палестинским
Тихвинский Ф.,Московская духовная академия,преподаватель,неизвестно,отстутствуют,Тульские епархиальные ведомости,1878,Оригинальный текст,На Сионских горах. (Фантастический рассказ странницы)
Тихвинский Ф.,Московская духовная академия,преподаватель,неизвестно,отстутствуют,Тульские епархиальные ведомости,1876,Оригинальный текст,Рассказ странницы о Святой Земле
Трапицын А.И.,Казанская духовная академия,священник,1894,присутствуют,Вятские епархиальные ведомости,1895,Оригинальный текст,Из впечатлений паломника в Святую землю
Троицкий В.,Казанская духовная академия,преподаватель,неизвестно,присутствуют,Оренбургские епархиальные ведомости,1895,Оригинальный текст,Иерусалим и крестный путь Христа Спасителя. (Воспоминания паломника)
Троицкий В.,Казанская духовная академия,преподаватель,неизвестно,отстутствуют,Оренбургские епархиальные ведомости,1896,Оригинальный текст,Ночь в Иерусалимском храме Воскресения. (Из впечатлений паломника)
Уставщиков Н.,Красноярская духовная семинария,семинарист,1908,отстутствуют,Енисейские епархиальные ведомости,1909,Оригинальный текст,Из дневника семинариста. Экскурсия воспитанников Красноярской Духовной Семинарии во Св. Землю, летом 1908 г.
Федоров А.,Саратовское реальное училище,писатель,1903,отстутствуют,Тамбовские епархиальные ведомости,1911,Нива,Наблюдения в Палестине одного русского путешественника
Федюшин В. ,Тобольская духовная семинария,священник,1900,отстутствуют,Тобольские епархиальные ведомости,1902,Оригинальный текст,Из дневника священника-паломника
Фоменко К.,Киевская духовная академия,протоиерей,неизвестно,отстутствуют,Церковые ведомости,1905,Оригинальный текст,Что означают слова шестопсалмия: части лисовом будут?
Фоменко К.,Киевская духовная академия,протоиерей,неизвестно,отстутствуют,Церковые ведомости,1905,Оригинальный текст,Какая пища в Церковном уставе о посте наименована: стафиды, армеа, комбоста и фаво слано? (Заметка путешественника в Святую землю)
Фоменко К.,Киевская духовная академия,священник,неизвестно,отстутствуют,Киевские епархиальные ведомости,1881,Оригинальный текст,Образование православного клира на Востоке. (Из наблюдений путешественника по Востоку)
Фоменко К.,Киевская духовная академия,священник,неизвестно,отстутствуют,Церковые ведомости,1900,Оригинальный текст,Из особенностей богослужения греческой церкви
Фоменко К.,Киевская духовная академия,протоиерей,1879,отстутствуют,Тверские епархиальные ведомости,1880,Воскресное чтение,В гостях у арабского священника. (Из воспоминаний путешественника по Востоку) 
Фоменко К.,Киевская духовная академия,протоиерей,1894,отстутствуют,Екатеринославские епархиальные ведомости,1900,Киевские епархиальные ведомости,Богослужение под Мамврийским дубом (из записок путешественника в Св.землю)
Фоменко К.,Киевская духовная академия,протоиерей,1894,отстутствуют,Смоленские епархиальные ведомости,1900,Киевские епархиальные ведомости,Богослужение под Мамврийским дубом (из записок путешественника в Св.землю)
Фоменко К.,Киевская духовная академия,протоиерей,1894,отстутствуют,Церковые ведомости,1895,Киевские епархиальные ведомости,Совершение Богослужения русским священником «под Мамврийским дубом»
Фоменко К.,Киевская духовная академия,протоиерей,1894,отстутствуют,Киевские епархиальные ведомости,1895,Оригинальный текст,Богослужение под Мамврийским дубом (из записок путешественника в Св.землю)
Фоменко К.,Киевская духовная академия,протоиерей,1879,отстутствуют,Донские епархиальные ведомости,1896,Кормчий,Крест трисоставный
Фоменко К.,Киевская духовная академия,протоиерей,1879,отстутствуют,Церковые ведомости,1896,Воскресное чтение,Крест трисоставный
Фоменко К.,Киевская духовная академия,протоиерей,1879,отстутствуют,Киевские епархиальные ведомости,1895,Воскресное чтение,Крест трисоставный. Заметки путешественника в Святую землю
Фоменко К.,Киевская духовная академия,протоиерей,1894,отстутствуют,Полоцкие епархиальные ведомости,1898,Киевские епархиальные ведомости,Жилища духовных лиц на Востоке. (Заметки путешественника в Св. Землю)
Фоменко К.,Киевская духовная академия,протоиерей,1894,отстутствуют,Могилевские епархиальные ведомости,1898,Киевские епархиальные ведомости,Жилища духовных лиц на Востоке. (Заметки путешественника в Св. Землю)
Фоменко К.,Киевская духовная академия,протоиерей,1894,отстутствуют,Нижегородские епархиальные ведомости,1898,СИППО,Жилища духовных лиц на Востоке. (Заметки путешественника в Св. Землю о. протоиерея К. Фоменко) 
Фоменко К.,Киевская духовная академия,протоиерей,1894,отстутствуют,Новгородские епархиальные ведомости,1898,СИППО,Жилища духовных лиц на Востоке. (Заметки путешественника в Св. Землю о. протоиерея К. Фоменко) 
Фоменко К.,Киевская духовная академия,протоиерей,1894,отстутствуют,Томские епархиальные ведомости,1897,Киевские епархиальные ведомости,Жилища духовных лиц на Востоке. (Заметки путешественника в Св. Землю
Фоменко К.,Киевская духовная академия,протоиерей,1894,отстутствуют,Холмско-Варшавский епархиальный вестник,1898,Киевские епархиальные ведомости,Жилища духовных лиц на Востоке. (Заметки путешественника в Св. Землю о. протоирея Кл. Фоменко) 
Фоменко К.,Киевская духовная академия,протоиерей,1894,отстутствуют,Киевские епархиальные ведомости,1897,Оригинальный текст,Жилища духовных лиц на Востоке. (Заметки путешественника в Св. Землю)
Фоменко К.,Киевская духовная академия,протоиерей,1879,отстутствуют,Литовские епархиальные ведомости,1882,Труды Киевской духовной академии,Вертеп и храм Рождества Христова в Вифлееме (из записок путешественника по Св. Земле)
Фоменко К.,Киевская духовная академия,протоиерей,1894,отстутствуют,Церковые ведомости,1894,Киевские епархиальные ведомости,На экзаменах в православной арабской школе. (Из путевых записок протоирея К. Фоменко)
Фоменко К.,Киевская духовная академия,протоиерей,1894,отстутствуют,Киевские епархиальные ведомости,1894,Оригинальный текст,На экзаменах в православной арабской школе (из записок путешественника по Св. земле)
Фоменко К.,Киевская духовная академия,протоиерей,1879,отстутствуют,Киевские епархиальные ведомости,1882,Оригинальный текст,Просфора для проскомидий в чине литургии на Востоке. (Из записок путешественника на Востоке)
Фоменко К.,Киевская духовная академия,протоиерей,1879,отстутствуют,Полоцкие епархиальные ведомости,1896,Киевские епархиальные ведомости,Русские храмы в Святой земле (Из записок путешественника на Св. землю) 
Фоменко К.,Киевская духовная академия,протоиерей,1879,отстутствуют,Церковые ведомости,1894,Киевские епархиальные ведомости,Русские храмы в Святой земле (Из записок путешественника на Св. землю) 
Фоменко К.,Киевская духовная академия,протоиерей,1879,отстутствуют,Киевские епархиальные ведомости,1894,Оригинальный текст,Русские храмы в Святой земле (Из записок путешественника на Св. землю)
Фоменко К.,Киевская духовная академия,протоиерей,1879,отстутствуют,Киевские епархиальные ведомости,1881,Оригинальный текст,Первоначальные школы на Востоке. (Из записок путешественника на Востоке)
Фоменко К.,Киевская духовная академия,протоиерей,неизвестно,отстутствуют,Церковые ведомости,1895,Киевские епархиальные ведомости,Одежда духовных лиц на Востоке. (Из записок путешественника в Св. Землю) 
Фоменко К.,Киевская духовная академия,протоиерей,неизвестно,отстутствуют,Холмско-Варшавский епархиальный вестник,1895,Труды Киевской духовной академии,Одежда духовных лиц на Востоке. (Из записок путешественника в Св. Землю) 
Фоменко К.,Киевская духовная академия,протоиерей,неизвестно,отстутствуют,Литовские епархиальные ведомости,1895,Киевские епархиальные ведомости,Одежда духовных лиц на Востоке. (Из записок путешественника в Св. Землю) 
Фоменко К.,Киевская духовная академия,протоиерей,неизвестно,отстутствуют,Могилевские епархиальные ведомости,1895,Киевские епархиальные ведомости,Одежда духовных лиц на Востоке. (Из записок путешественника в Св. Землю) 
Фоменко К.,Киевская духовная академия,протоиерей,неизвестно,отстутствуют,Киевские епархиальные ведомости,1895,Оригинальный текст,Одежда духовных лиц на Востоке. (Из записок путешественника в Св. Землю)
Фоменко К.,Киевская духовная академия,протоиерей,неизвестно,отстутствуют,Киевские епархиальные ведомости,1909,Оригинальный текст,Как воспитывают учеников в католической семинарии св. Франциска в Бейруте. (Из записок путешественника в Св. Землю)
Фоменко К.,Киевская духовная академия,протоиерей,неизвестно,отстутствуют,Холмско-Варшавский епархиальный вестник,1899,Киевские епархиальные ведомости, О благоустроении кладбища
Фоменко К.,Киевская духовная академия,протоиерей,неизвестно,отстутствуют,Тульские епархиальные ведомости,1895,Киевские епархиальные ведомости, О благоустроении кладбища
Фоменко К.,Киевская духовная академия,протоиерей,неизвестно,отстутствуют,Киевские епархиальные ведомости,1895,Оригинальный текст,Кладбище на Сионе. (Из записок путешественника в Св. Землю)
Фоменко К.,Киевская духовная академия,протоиерей,1879,отстутствуют,Киевские епархиальные ведомости,1907,Оригинальный текст,Личныя воспоминания. (По поводу 35-летия Императорского Православного Палестинского Общества)
Фоменко К.,Киевская духовная академия,протоиерей,неизвестно,отстутствуют,Церковые ведомости,1896,Оригинальный текст,Из заметок путешественника в Святую Землю
Фоменко К.,Киевская духовная академия,протоиерей,неизвестно,отстутствуют,Херсонские епархиальные ведомости,1907,Киевские епархиальные ведомости,Какие облачения считаются траурными на Востоке?
Фоменко К.,Киевская духовная академия,протоиерей,неизвестно,отстутствуют,Киевские епархиальные ведомости,1907,Оригинальный текст,Какие облачения считаются траурными на Востоке?
Фоменко К.,Киевская духовная академия,протоиерей,1894,отстутствуют,Церковые ведомости,1895,Киевские епархиальные ведомости,Штундистские села вблизи Константинополя
Фоменко К.,Киевская духовная академия,протоиерей,1894,отстутствуют,Киевские епархиальные ведомости,1895,Оригинальный текст,Штундистские села вблизи Константинополя (Из записок путешественника в Св. Землю)
Фоменко К.,Киевская духовная академия,протоиерей,неизвестно,отстутствуют,Церковые ведомости,1897,Оригинальный текст,Воспоминания паломника о новопрестальном патриархе Иерусалимском Герасиме
Фоменко К.,Киевская духовная академия,протоиерей,1894,отстутствуют,Церковые ведомости,1895,Труды Киевской духовной академии,Железная дорога из Яффы в Иерусалим
Фоменко К.,Киевская духовная академия,протоиерей,неизвестно,отстутствуют,Церковые ведомости,1905,Оригинальный текст,Древо терноваго венца Спасителя. (Из заметок путешественника в Святую землю)
Фоменко К.,Киевская духовная академия,протоиерей,1894,отстутствуют,Церковые ведомости,1897,Оригинальный текст,Блаженный Дамиан, новоизбранный патриарх Иерусалимский
Фоменко К.,Киевская духовная академия,протоиерей,неизвестно,отстутствуют,Церковые ведомости,1903,Оригинальный текст,Вифезда и Силоам
Фоменко К.,Киевская духовная академия,протоиерей,неизвестно,отстутствуют,Церковые ведомости,1896,Оригинальный текст,Крестный монастырь и греческая семннария в Иерусалиме
Фоменко К.,Киевская духовная академия,протоиерей,1894,отстутствуют,Церковые ведомости,1897,Оригинальный текст,Архангельский монастырь в иконы письма святителя Феофана Затворника в Иерусалиме. (Заметка путешественника во Святую Землю)
Фоменко К.,Киевская духовная академия,протоиерей,неизвестно,отстутствуют,Церковые ведомости,1900,Оригинальный текст,Заметка о «разрешительной литургии», совершаемой на Голгофе. (Из записок путешественника в Святую Землю)
Фоменко К.,Киевская духовная академия,протоиерей,1879,отстутствуют,Тверские епархиальные ведомости,1880,Воскресное чтение,Храмы на Елеонсной горе: „Отче наш‘‘ и „Верую“ (Из записок путешественника по Востоку)
Фоменко К.,Киевская духовная академия,священник,1894,отстутствуют,Томские епархиальные ведомости,1897,Киевские епархиальные ведомости,Пища и питие на Востоке. (Заметки путешественника в Св. Земле)
Фоменко К.,Киевская духовная академия,священник,1894,отстутствуют,Литовские епархиальные ведомости,1899,Киевские епархиальные ведомости,Пища и питие на Востоке. (Заметки путешественника в Св. Земле)
Фоменко К.,Киевская духовная академия,священник,1894,отстутствуют,Нижегородские епархиальные ведомости,1897,Киевские епархиальные ведомости,Пища и питие на Востоке. (Заметки путешественника в Св. Земле)
Фоменко К.,Киевская духовная академия,священник,1894,отстутствуют,Холмско-Варшавский епархиальный вестник,1899,Киевские епархиальные ведомости,Пища и питие на Востоке. (Заметки путешественника в Св. Земле)
Фоменко К.,Киевская духовная академия,священник,1894,отстутствуют,Киевские епархиальные ведомости,1897,Оригинальный текст,Пища и питие на Востоке. (Заметки путешественника в Св. Земле)
Хабиб-Ханания Я.,Московская духовная академия,преподаватель,1906,отстутствуют,Тамбовские епархиальные ведомости,1907,Оригинальный текст,Моя поездка на Восток в Иерусалим
Хабиб-Ханания Я.,Московская духовная академия,преподаватель,1906,отстутствуют,Тамбовские епархиальные ведомости,1911,Оригинальный текст,Моя поездка из г. Тамбова на Восток в Иерусалим. Часть вторая.
Хабиб-Ханания Я.,Московская духовная академия,преподаватель ,1909,отстутствуют,Тамбовские епархиальные ведомости,1910,Оригинальный текст,Поездка из св. града Иерусалима в славную Лавру Св. Саввы Освященного в 1909 году
Хури Фози,Московская духовная семинария,писатель,неизвестно,отстутствуют,Московские церковные ведомости,1906,Оригинальный текст,Ильин день в Палестине
Хури Фози,Московская духовная семинария,писатель,1905,отстутствуют,Московские церковные ведомости,1906,Оригинальный текст,Празднование дня Успения Божьей Матери в Св. Земле
Хури Фози,Московская духовная семинария,писатель,неизвестно,отстутствуют,Полтавские епархиальные ведомости,1907,Московские церковные ведомости,Праздник Рождества Христова в Св. Земле 
Хури Фози,Московская духовная семинария,писатель,неизвестно,отстутствуют,Московские церковные ведомости,1906,Оригинальный текст,Праздник Рождества Христова в Св. Земле
Хури Фози,Московская духовная семинария,писатель,неизвестно,отстутствуют,Полтавские епархиальные ведомости,1907,Московские церковные ведомости,"Пасха в Палестине.
(Из личных наблюдений и воспоминаний)"
Хури Фози,Московская духовная семинария,писатель,неизвестно,отстутствуют,Московские церковные ведомости,1907,Оригинальный текст,Пасха в Палестине. (Из личных наблюдений и воспоминаний)
Смышляев Д.Д.,Пермская гимназия,писатель,1886,присутствуют,Русский паломник,1887,оригинальный текст,Поездка на Мертвое море (Из записок путешественника по Св. Земле)
Великолуцкая М. ,Неизвестно,писатель,Неизвестно,отсутствуют,Русский паломник,1889,оригинальный текст,Первая ночь у Гроба Господня (Из воспоминаний русской паломницы
Великолуцкая М. ,Неизвестно,писатель,Неизвестно,отсутствуют,Русский паломник,1899,оригинальный текст,Отец Амфилохий (из воспоминаний о путешествии в Иерусалим)
Великолуцкая М. ,Неизвестно,писатель,Неизвестно,отсутствуют,Русский паломник,1901,оригинальный текст,Поездка на Иордан (Из воспоминаний паломницы)
Великолуцкая М. ,Неизвестно,писатель,Неизвестно,отсутствуют,Русский паломник,1901,оригинальный текст,Долина Иосафатова (Из воспоминаний паломницы)
Великолуцкая М. ,Неизвестно,писатель,Неизвестно,отсутствуют,Русский паломник,1902,оригинальный текст,Старик с тремя палками (Воспоминания о Палестине)
Великолуцкая М. ,Неизвестно,писатель,Неизвестно,отсутствуют,Русский паломник,1902,оригинальный текст,Хеврон (Воспоминания паломницы)
Великолуцкая М. ,Неизвестно,писатель,Неизвестно,отсутствуют,Русский паломник,1903,оригинальный текст,Слепая паломница (Из воспоминаний о Палестине)
Великолуцкая М. ,Неизвестно,писатель,Неизвестно,отсутствуют,Русский паломник,1903,оригинальный текст,Успение в Иерусалиме (Воспоминания паломницы)
Коробов Л.А.,Неизвестно,чиновник,1895,отсутствуют,Русский паломник,1913,оригинальный текст,Антиохийский патриарх Григорий IV (Из личных воспоминаний Л.А. Коробова)
Минский М.Н.,Санкт-Петрбургский университет,чиновник,1888,присутствуют,Русский паломник,1889,оригинальный текст,Мамре и Хеврон (Из дневника русского путешественника по Св. Земле)
Марков Е.Л.,Харьковский университет,чиновник,1887,отсутствуют,Русский паломник,1888,Русский Вестник,Из рассказов паломников
Голицын М.,Неизвестно,Неизвестно,1908,присутствуют,Русский паломник,1909,оригинальный текст,Вифлеем (из впечатлений паломника)
Голицын М.,Неизвестно,Неизвестно,1908,отсутствуют,Русский паломник,1910,оригинальный текст,Назарет в день Благовещения (из впечатлений паломника)
Голицын М.,Неизвестно,Неизвестно,1908,присутствуют,Русский паломник,1910,оригинальный текст,Пятидесятница в Святой Земле
Ланге Г. ,Неизвестно,публицист,1886,отсутствуют,Русский паломник,1886,Московские ведомости,Еще о русских постройках в Иерусалиме
Кибальчич Т.В.,Санкт-Петербургская академия художеств,ученый,1886,присутствуют,Русский паломник,1887,оригинальный текст,Путешествие на Восток
С.А.,Неизвестно,Неизвестно,1886,отсутствуют,Русский паломник,1888,Новое время,Палестинские очерки. Вифлеем
Кесаев И.,Санкт-Петербургская духовная академия,студент,1895,отсутствуют,Русский паломник,1897,оригинальный текст,Ночь у вертепа Рождества Христова (Отрывок из дневника воспитанника семинарии – паломника по св. местам Востока)
Кесаев И.,Санкт-Петербургская духовная академия,студент,1895,присутствуют,Русский паломник,1898,оригинальный текст,На берегах Иордана (Отрывок из дневника воспитанника семинарии – паломника по святым местам Востока)
Устинский Д.А.,Неизвестно,Неизвестно,1908,присутствуют,Русский паломник,1909,оригинальный текст,Рыбная ловля в Галилее (Из путевых впечатлений паломника)
Елисеев А.В.,Санкт-Петербургская военно-медицинская академия,путешественник,1881,отсутствуют,Русский паломник,1886,Русский Вестник,В долине Иордана
Елисеев А.В.,Санкт-Петербургская военно-медицинская академия,путешественник,1886,присутствуют,Русский паломник,1887,оригинальный текст,Поперек Малой Азии и сухопутная дорога в Святую Землю
Ф.Ш.,Неизвестно,Неизвестно,1886,отсутствуют,Русский паломник,1887,оригинальный текст,Иерусалим (из заметок паломника)
С.В.,Неизвестно,Неизвестно,Неизвестно,отсутствуют,Русский паломник,1906,оригинальный текст,Иерусалимская ночь (Из впечатлений паломника)
Савельева М.С.,Неизвестно,начальница женской школы,1885,отсутствуют,Русский паломник,1886,оригинальный текст,Женская школа в Назарете (Из писем начальницы ее М.С. Савельевой)
Ростовцев К.,Неизвестно,Неизвестно,1896,отсутствуют,Русский паломник,1898,оригинальный текст,Светлый праздник в св. граде Иерусалиме
Ростовцев К.,Неизвестно,Неизвестно,Неизвестно,отсутствуют,Русский паломник,1914,оригинальный текст,Перед святыней святынь (путевой очерк)
Ювачев И.П.,Техническое училище Морского ведомства,писатель,1900,отсутствуют,Русский паломник,1902,оригинальный текст,Поездка на Иордан (Из записной книжки русского паломника)
Ювачев И.П.,Техническое училище Морского ведомства,писатель,1900,отсутствуют,Русский паломник,1902,оригинальный текст,Место Соломонова храма в Иерусалиме (Из записной книжки русского паломника)
Ювачев И.П.,Техническое училище Морского ведомства,писатель,1900,отсутствуют,Русский паломник,1902,оригинальный текст,Назарет (Из записной книжки русского паломника)
Ювачев И.П.,Техническое училище Морского ведомства,писатель,1900,отсутствуют,Русский паломник,1902,оригинальный текст,Крестный монастырь и стена плача в Иерусалиме (Из записной книжки русского паломника)
Ювачев И.П.,Техническое училище Морского ведомства,писатель,1900,присутствуют,Русский паломник,1901,оригинальный текст,Русские школы в Сирии
Ювачев И.П.,Техническое училище Морского ведомства,писатель,1900,отсутствуют,Русский паломник,1905,оригинальный текст,Русское паломничество
Ювачев И.П.,Техническое училище Морского ведомства,писатель,1900,отсутствуют,Русский паломник,1903,оригинальный текст,Священный огонь в Иерусалиме (Из воспоминаний русского паломника)
К.П.,Неизвестно,Неизвестно,Неизвестно,отсутствуют,Русский паломник,1911,оригинальный текст,Под замком турецкой стражи (Из воспоминаний паломника)
Красницкий Н.,Неизвестно,Неизвестно,1913,присутствуют,Русский паломник,1915,оригинальный текст,На родине Христа (Из воспоминаний экскурсанта)
Лендер Н.Н.,Вторая петербургская военная гимназия,журналист,1890,отсутствуют,Русский паломник,1907,оригинальный текст,Христианская Пасха в столице ислама. (Из путевого альбома)
Аноним,Неизвестно,Неизвестно,1895,присутствуют,Русский паломник,1896,оригинальный текст,Блаженнейший Никодим, бывший патриарх иерусалимский (Из летних воспоминаний)
Кулин В.П.,Главное педагогическое училище,чиновник,1888,отсутствуют,Русский паломник,1888,оригинальный текст,Русский колокол в Назарете (рассказ русского путешественника по Св. Земле)
Поповицкий Е.,Неизвестно,журналист,1892,отсутствуют,Русский паломник,1895,оригинальный текст,Из палестинских воспоминаний
Поповицкий Е.,Неизвестно,журналист,1892,отсутствуют,Русский паломник,1900,оригинальный текст,По Святой Земле (Эпизод)
Аноним2,Неизвестно,Неизвестно,Неизвестно,присутствуют,Русский паломник,1897,оригинальный текст,Экскурсия на Иордан (Из записной книжки Паломника)
Розанова А.М.,Неизвестно,писатель,1890,отсутствуют,Русский паломник,1892,оригинальный текст,Поездка на Иордан
Романов В.А. ,Неизвестно,Неизвестно,Неизвестно,отсутствуют,Русский паломник,1902,оригинальный текст,В пустыне (Путевые картинки)
Романов В.А. ,Неизвестно,Неизвестно,Неизвестно,отсутствуют,Русский паломник,1903,оригинальный текст,В Раббат-Аммане (Из путевых записок)
Романов В.А. ,Неизвестно,Неизвестно,Неизвестно,присутствуют,Русский паломник,1903,оригинальный текст,В стране руин
Романов В.А. ,Неизвестно,Неизвестно,Неизвестно,присутствуют,Русский паломник,1903,оригинальный текст,У святых берегов (Из воспоминаний)
Свечин А.М.,училище правоведения,драматург,1884,присутствуют,Русский паломник,1885,оригинальный текст,Русские в Палестине
Греков Ф.К.,Неизвестно,журналист,1892,присутствуют,Русский паломник,1893,оригинальный текст,Поездка на Иордан (Отрывок из воспоминаний паломника)
Греков Ф.К.,Неизвестно,журналист,1892,присутствуют,Русский паломник,1894,оригинальный текст,В Обетованной земле (из путевых впечатлений)
Багреева-Сперанская Е.М. ,домашнее образование,писатель,1847,отсутствуют,Русский паломник,1897,оригинальный текст,Ночь на Голгофе
Аноним3,Неизвестно,Неизвестно,1895,отсутствуют,Русский паломник,1896,оригинальный текст,В стране филистимлян 
Аноним4,Неизвестно,Неизвестно,Неизвестно,отсутствуют,Русский паломник,1893,оригинальный текст,Мусульманский и еврейский кварталы в Иерусалиме (из заметок путешественника)
Аноним5,Неизвестно,Неизвестно,Неизвестно,отсутствуют,Русский паломник,1898,оригинальный текст,На месте храма иерусалимского (Из заметок путешественника) 
Муравьев А.Н. ,домашнее образование,путешественник,1849,отсутствуют,Русский паломник,1892,оригинальный текст,Освящение скита в Гефсимании (Из путешествий А.Н. Муравьева)
Муравьев А.Н. ,домашнее образование,путешественник,1849,отсутствуют,Русский паломник,1892,оригинальный текст,Вифлеем в праздник Рождества Христова (из путешествий А.Н. Мурвьева в 1849 году)
Муравьев А.Н. ,домашнее образование,путешественник,1850,отсутствуют,Русский паломник,1892,оригинальный текст,Святой огонь в Иерусалимском храме (Из писем о Богослужении А.Н. Муравьева)
Максимовский Н.Н.,Михайловская артиллерийская академия,военный,1888,присутствуют,Русский паломник,1890,оригинальный текст,Поездка в Тивериаду
Соловьев В.А.,Казанский учительский институт,журналист,Неизвестно,отсутствуют,Русский паломник,1903,оригинальный текст,Кана Галилейская
Соловьев В.А.,Казанский учительский институт,журналист,Неизвестно,отсутствуют,Русский паломник,1903,оригинальный текст,Отрок Иисус 
Соловьев В.А.,Казанский учительский институт,журналист,Неизвестно,отсутствуют,Русский паломник,1903,оригинальный текст,Праздник Благовещения в Назарете
Соловьев В.А.,Казанский учительский институт,журналист,Неизвестно,отсутствуют,Русский паломник,1903,оригинальный текст,Лазарева суббота в Св. Земле
Соловьев В.А.,Казанский учительский институт,журналист,Неизвестно,присутствуют,Русский паломник,1904,оригинальный текст,Кесария Палестинская
Соловьев В.А.,Казанский учительский институт,журналист,Неизвестно,отсутствуют,Русский паломник,1905,оригинальный текст,Сафури (Родина Иоакима и Анны) (к 8 сентября)
Соловьев В.А.,Казанский учительский институт,журналист,Неизвестно,отсутствуют,Русский паломник,1906,оригинальный текст,Назарет
Соловьев В.А.,Казанский учительский институт,журналист,Неизвестно,отсутствуют,Русский паломник,1906,оригинальный текст,В Дамаске
Соловьев В.А.,Казанский учительский институт,журналист,Неизвестно,отсутствуют,Русский паломник,1906,оригинальный текст,На Фаворе
Соловьев В.А.,Казанский учительский институт,журналист,Неизвестно,присутствуют,Русский паломник,1908,оригинальный текст,Худур 
Соловьев В.А.,Казанский учительский институт,журналист,Неизвестно,присутствуют,Русский паломник,1908,оригинальный текст,В кедрах ливанских
Соловьев В.А.,Казанский учительский институт,журналист,Неизвестно,отсутствуют,Русский паломник,1908,оригинальный текст,У пророка бабидов в Акке (Из личных впечатлений) 
Соловьев В.А.,Казанский учительский институт,журналист,Неизвестно,отсутствуют,Русский паломник,1909,оригинальный текст,В сирийском монастыре св. Илии. Из путешествий по Сирии
Михайловский В.Я.,Санкт-Петербургская духовная академия,писатель,1888,присутствуют,Русский паломник,1889,оригинальный текст,По Святой Земле (Путевые заметки протоиерея В.Я. Михайловского)
Скопинский А.В.,Неизвестно,Неизвестно,Неизвестно,присутствуют,Русский паломник,1900,оригинальный текст,Из дневника паломника
Ширинский-Шихматов С.А.,домашнее образование,писатель,1834,отсутствуют,Христианское чтение,1891,оригинальный текст,Путешествие иеромонаха Аникиты (в мире князя С.А. Ширинского-Шихматова) по святым местам востока в 1834–36 гг.
Бровкович Н.С.,Санкт-Петербургская духовная академия,преподаватель,1890,отсутствуют,Христианское чтение,1892,оригинальный текст,Воспоминание о путешествии в Иерусалим 
Софония (Сокольский),Санкт-Петербургская духовная академия,епископ,1850,отсутствуют,Христианское чтение,1851,оригинальный текст,Ощущение и мысли при виде Иерусалима
Антонин (Капустин),Киевская духовная академия,архимандрит,1865,отсутствуют,Христианское чтение,1866,оригинальный текст,Латинское богослужение последней недели великого поста в Иерусалиме
Затврницкий П. ,Неизвестно,священник,1875,отсутствуют,Церковный вестник ,1875,оригинальный текст,Воспоминания нынешнего поклонника Святых мест. Назаретская духовная семинария (письмо к редактору) 
Затврницкий П. ,Неизвестно,священник,1875,отсутствуют,Церковный вестник ,1876,оригинальный текст,Беседы русского православного священника, сказанные русским поклонникам в Палестине 
Лабутин И.,Неизвестно,священник,1869,отсутствуют,Церковный вестник ,1904,оригинальный текст,На Пути в Святую Землю 
Дионисий Латас Закинфский ,Неизвестно,архиепископ,1888,отсутствуют,Церковный вестник ,1888,оригинальный текст,Письма Дионисия Латы, архиепископа Закинфского, о Египте, Сирии и Палестине 
Дионисий Латас Закинфский ,Неизвестно,архиепископ,1888,отсутствуют,Церковный вестник ,1889,оригинальный текст,Русские постройки на горе Елеонской 
Владимир ,Неизвестно,иеромонах,1903,отсутствуют,Церковный вестник ,1903,оригинальный текст,Корреспонденции. Положение в Палестине русской духовной миссии 
Попов А.П.,Санкт-Петербургская духовная академия,регент,1889,отсутствуют,Церковный вестник ,1889,оригинальный текст,Из Иерусалима. Освещение нового приюта для русских поклонников 
Попов А.П.,Санкт-Петербургская духовная академия,регент,1889,отсутствуют,Церковный вестник ,1889,оригинальный текст,Из Иерусалима. Встреча латинского патриарха 
Попов А.П.,Санкт-Петербургская духовная академия,регент,1889,отсутствуют,Церковный вестник ,1889,оригинальный текст,Из Иерусалима. Первые шаги католического патриарха 
Попов А.П.,Санкт-Петербургская духовная академия,регент,1890,отсутствуют,Церковный вестник ,1890,оригинальный текст,Из Иерусалима. Отставка патриарха Никодима 
Попов А.П.,Санкт-Петербургская духовная академия,регент,1889,отсутствуют,Церковный вестник ,1890,оригинальный текст,Из Иерусалима. Русские паломники и праздник Рождества Христова. Посещение принца Генриха 
Попов А.П.,Санкт-Петербургская духовная академия,регент,1890,отсутствуют,Церковный вестник ,1890,оригинальный текст,Из Иерусалима. Посещение Иерусалима абиссинским принцем Макконином 
Попов А.П.,Санкт-Петербургская духовная академия,регент,1890,отсутствуют,Церковный вестник ,1890,оригинальный текст,Из Иерусалима. Последние дни Страстной седмицы и праздник Пасхи 
Попов А.П.,Санкт-Петербургская духовная академия,регент,1890,отсутствуют,Церковный вестник ,1890,оригинальный текст,Из Иерусалима. Патриаршее богослужение в Троицкой церкви на русских постройках 
Попов А.П.,Санкт-Петербургская духовная академия,регент,1891,отсутствуют,Церковный вестник ,1891,оригинальный текст,Из Иерусалима. Пререкания и кровавые столкновения христиан разных исповеданий у Гроба Господня на месте рождества Христова 
Попов А.П.,Санкт-Петербургская духовная академия,регент,1891,отсутствуют,Церковный вестник ,1891,оригинальный текст,Число русских паломников в Палестине 
Попов А.П.,Санкт-Петербургская духовная академия,регент,1891,отсутствуют,Церковный вестник ,1891,оригинальный текст,Французский караван 
Попов А.П.,Санкт-Петербургская духовная академия,регент,1891,отсутствуют,Церковный вестник ,1891,оригинальный текст,Решение по делу о вифлеемском инциденте и торжество францискан 
Попов А.П.,Санкт-Петербургская духовная академия,регент,1891,отсутствуют,Церковный вестник ,1891,оригинальный текст,Освещение русского дома вблизи Гроба Господня 
Попов А.П.,Санкт-Петербургская духовная академия,регент,1891,отсутствуют,Церковный вестник ,1891,оригинальный текст,Из Иерусалима. Патриаршее богослужение в церкви святой Марии Магдалины и печальный инцидент в Яффе 
Попов А.П.,Санкт-Петербургская духовная академия,регент,1892,отсутствуют,Церковный вестник ,1892,оригинальный текст,Из Иерусалима. Начало мухаррема 
Попов А.П.,Санкт-Петербургская духовная академия,регент,1892,отсутствуют,Церковный вестник ,1892,оригинальный текст,Из Иерусалима. Текущие события церковной и общественной жизни 
Попов А.П.,Санкт-Петербургская духовная академия,регент,1892,отсутствуют,Церковный вестник ,1892,оригинальный текст,Из Иерусалима. Праздник Воздвижения и открытие железной дороги между Иерусалимом и Яффой 
Попов А.П.,Санкт-Петербургская духовная академия,регент,1892,отсутствуют,Церковный вестник ,1892,оригинальный текст,Из Иерусалима. Присоединение армян и открытие женской школы, эпизод с картиной 
Попов А.П.,Санкт-Петербургская духовная академия,регент,1892,отсутствуют,Церковный вестник ,1892,оригинальный текст,Из Иерусалима. Праздник Якова брата Господня и печальная история в Яффе 
Попов А.П.,Санкт-Петербургская духовная академия,регент,1892,отсутствуют,Церковный вестник ,1892,оригинальный текст,Новый дом Императорского палестинского общества в Гефсимании 
Попов А.П.,Санкт-Петербургская духовная академия,регент,1893,отсутствуют,Церковный вестник ,1893,оригинальный текст,Корреспонденция. Из Иерусалима. Торжество освящение русской церкви в Яффе 
Цагарели А.А.,Неизвестно,ученый,1883,отсутствуют,Церковный вестник ,1883,оригинальный текст,Находки на Синае. Письмо к секретарю православного палестинского общества М.П. Степанову 
Халеби Я. ,Неизвестно,драгоман,1897,отсутствуют,Церковный вестник ,1898,оригинальный текст,Из Иерусалима. Русский праздник в сердце Святой Земли 
Халеби Я. ,Неизвестно,драгоман,1898,отсутствуют,Церковный вестник ,1898,оригинальный текст,"Из Иерусалима. Латинская пропаганда на Востоке, освящение нового храма, чтения, просьба коптов, брошюра об отношении абессинцев и русских в области веры "
Антонин (Капустин),Киевская духовная академия,архимандрит,1875,отсутствуют,Церковный вестник ,1875,оригинальный текст,"Из Иерусалима. 7 июля 1875 года, не-желанные палестинские богомольцы из России "
Антонин (Капустин),Киевская духовная академия,архимандрит,1877,отсутствуют,Церковный вестник ,1877,оригинальный текст,Из Иерусалима. 30 апреля 1877 г. 
Антонин (Капустин),Киевская духовная академия,архимандрит,1881,отсутствуют,Церковный вестник ,1881,оригинальный текст,Святоградские заметки. Письмо в редакцию 
Антонин (Капустин),Киевская духовная академия,архимандрит,1875,отсутствуют,Церковный вестник ,1875,оригинальный текст,Интересы русской церкви и поклонничества в Палестине. Получена из Иерусалима от настоятеля нашей миссии 
Антонин (Капустин),Киевская духовная академия,архимандрит,1876,отсутствуют,Церковный вестник ,1876,оригинальный текст,Из Иерусалима. Состояние умов, неоправдавшиеся опасения, закрытие больницы и постройка церкви и приюта 
Антонин (Капустин),Киевская духовная академия,архимандрит,1877,отсутствуют,Церковный вестник ,1877,оригинальный текст,Из Иерусалима. Заметка по поводу газетных корреспонденций «Из Иерусалима»
Антонин (Капустин),Киевская духовная академия,архимандрит,1879,отсутствуют,Церковный вестник ,1879,оригинальный текст,Из Иерусалима. Чудесное исцеление в Бейруте 
Антонин (Капустин),Киевская духовная академия,архимандрит,1879,отсутствуют,Церковный вестник ,1879,оригинальный текст,Из Иерусалима. Заметка по поводу корреспонденции Э.А.М. в газету «Восток». «(Письмо в редакцию)» 
Антонин (Капустин),Киевская духовная академия,архимандрит,1879,отсутствуют,Церковный вестник ,1880,оригинальный текст,Последние известия из Иерусалима. Письмо в редакцию 
Антонин (Капустин),Киевская духовная академия,архимандрит,1879,отсутствуют,Церковный вестник ,1880,оригинальный текст,Из Иерусалима. Зима. Праздники Рождества и богоявления. Молебствие 
Антонин (Капустин),Киевская духовная академия,архимандрит,1880,отсутствуют,Церковный вестник ,1880,оригинальный текст,Из Иерусалима. Письмо в редакцию 
Антонин (Капустин),Киевская духовная академия,архимандрит,1880,отсутствуют,Церковный вестник ,1880,оригинальный текст,Из Иерусалима. Письмо в редакцию 
Антонин (Капустин),Киевская духовная академия,архимандрит,1880,отсутствуют,Церковный вестник ,1880,оригинальный текст,Из Иерусалима 
Антонин (Капустин),Киевская духовная академия,архимандрит,1881,отсутствуют,Церковный вестник ,1881,оригинальный текст,Из Иерусалима. Письмо в редакцию 
Антонин (Капустин),Киевская духовная академия,архимандрит,1881,отсутствуют,Церковный вестник ,1881,оригинальный текст,Из Иерусалима 
Антонин (Капустин),Киевская духовная академия,архимандрит,1882,отсутствуют,Церковный вестник ,1882,оригинальный текст,Из Иерусалима. Покаянный караван. Раскопки. Подробности кончины и погребения блаженнейшего Ерофея, патриарха Иерусалимского 
Антонин (Капустин),Киевская духовная академия,архимандрит,1882,отсутствуют,Церковный вестник ,1882,оригинальный текст,Иерусалимские впечатления 
Антонин (Капустин),Киевская духовная академия,архимандрит,1882,отсутствуют,Церковный вестник ,1882,оригинальный текст,Иерусалимские впечатления. Письмо второе 
Антонин (Капустин),Киевская духовная академия,архимандрит,Неизвестно,отсутствуют,Церковный вестник ,1884,оригинальный текст,Газеты об Иерусалиме. Письмо в редакцию 
Антонин (Капустин),Киевская духовная академия,архимандрит,1885,отсутствуют,Церковный вестник ,1885,оригинальный текст,Из Иерусалима. Впечатления поклонника, письмо в редакцию 
Румянцев Н.Е.,Московская духовная академия,студент,1900,отсутствуют,Церковный вестник ,1900,оригинальный текст,"Из Иерусалима. Прибытие партии ученых паломников во Святую Землю, отбытие в Назарет "
Румянцев Н.Е.,Московская духовная академия,студент,1900,отсутствуют,Церковный вестник ,1900,оригинальный текст,Из Назарета. Пребывание паломников Московской духовной академии в Галилее 
Хитрово В.Н.,Императорский Александровский лицей,государственный деятель,1883,отсутствуют,Церковный вестник ,1883,Православный палестинский сборник ,Задачи научных исследований Святой Земли. Доклад, читанный в заседании православного палестинского общества 14 декабря 1883 года помощником председателя общества В.Н. Хитрово 
Барсова К. ,Неизвестно,крестьянка,1883,отсутствуют,Церковный вестник ,1885,оригинальный текст,Дневник иерусалимской поклонницы 
Соколов И.И.,Казанская духовная академия,ученый,1904,отсутствуют,Церковный вестник ,1905,оригинальный текст,Православный Восток в минувшем году. Церковь Иерусалимская 
Соколов И.И.,Казанская духовная академия,ученый,1905,отсутствуют,Церковный вестник ,1906,оригинальный текст,Православный Восток в минувшем году 
Соколов И.И.,Казанская духовная академия,ученый,1905,отсутствуют,Церковный вестник ,1906,оригинальный текст,"Летопись церковной и общественной жизни за границей. Святогробское царство в Иерусалиме и его деятельность, Школа иностранных языков в Яффе "
Соколов И.И.,Казанская духовная академия,ученый,1907,отсутствуют,Церковный вестник ,1907,оригинальный текст,Православный Восток в 1907 году 
Соколов И.И.,Казанская духовная академия,ученый,1914,отсутствуют,Церковный вестник ,1915,оригинальный текст,Православный греческий Восток в 1914 году 
Аноним6,Неизвестно,Неизвестно,Неизвестно,отсутствуют,Церковный вестник ,1901,оригинальный текст,Летопись церковной и общественной жизни за границей. Торжество латинства на Святой Земле. Русское паломничество в Святую Землю 
Аноним7,Неизвестно,Неизвестно,1907,отсутствуют,Церковный вестник ,1907,оригинальный текст,Императорское православное палестинское общество 
Очевидец-паломник ,Неизвестно,Неизвестно,1896,отсутствуют,Церковный вестник ,1898,оригинальный текст,Из Иерусалима. Освящение храма на Русском месте близ Храма Воскресения 
N ,Неизвестно,Неизвестно,1902,отсутствуют,Церковный вестник ,1903,оригинальный текст,Из Иерусалима. Николин день в Иерусалиме. Особенности местной жизни 
N ,Неизвестно,Неизвестно,1903,отсутствуют,Церковный вестник ,1903,оригинальный текст,Из Иерусалима. Русские моряки в Иерусалиме 
W ,Неизвестно,Неизвестно,1900,отсутствуют,Церковный вестник ,1903,оригинальный текст,Корреспонденции. Из Назарета 
W ,Неизвестно,Неизвестно,1903,отсутствуют,Церковный вестник ,1903,оригинальный текст,С православного Востока. О паломниках в Святой Земле 
Аноним8,Неизвестно,Неизвестно,Неизвестно,отсутствуют,Церковный вестник ,1900,оригинальный текст,"Летопись церковной и общественной жизни за границей. Влечение истинно верующих христиан в святую землю, к истории нашего паломничества в святую землю, деятельность палестинского общества "
Аноним9,Неизвестно,Неизвестно,Неизвестно,отсутствуют,Церковный вестник ,1886,оригинальный текст,Летопись церковной жизни. В России и за границей 
Аноним10,Неизвестно,Неизвестно,Неизвестно,отсутствуют,Церковный вестник ,1887,оригинальный текст,Вести с Востока 
Аноним11,Неизвестно,Неизвестно,Неизвестно,отсутствуют,Церковный вестник ,1888,оригинальный текст,Летопись церковной и общественной жизни за границей. Освящение храма в Иерусалиме в их присутствии императорских величеств, железная дорога до Яффы 
Аноним12,Неизвестно,Неизвестно,1889,отсутствуют,Церковный вестник ,1889,оригинальный текст,Летопись церковной и общественной жизни за границей. Русские учреждения в Иерусалиме 
Софония (Сокольский),Санкт-Петербургская духовная академия,епископ,1851,отсутствуют,Духовная Беседа,1864,Херсонские епархиальные ведомости,Поездка на Иордан
Софония (Сокольский),Санкт-Петербургская духовная академия,епископ,1850,отсутствуют,Духовная Беседа,1867,оригинальный текст,Первый день в Иерусалиме 
Кирилл (Мелитопольский),Санкт-Петербургская духовная академия,епископ,1858,отсутствуют,Духовная Беседа,1858,оригинальный текст,Письмо из Иерусалима 
Кирилл (Мелитопольский),Санкт-Петербургская духовная академия,епископ,1858,отсутствуют,Духовная Беседа,1858,оригинальный текст,Письмо из Иерусалима 
Левисон В. ,Университеты Геттингена и Вюрцбурга,ученый,1858,отсутствуют,Духовная Беседа,1866,оригинальный текст,Иерусалимские письма. Письмо первое 
Левисон В. ,Университеты Геттингена и Вюрцбурга,ученый,1858,отсутствуют,Духовная Беседа,1866,оригинальный текст,Иерусалимские письма. Письмо второе 
Левисон В. ,Университеты Геттингена и Вюрцбурга,ученый,1858,отсутствуют,Духовная Беседа,1866,оригинальный текст,Иерусалимские письма. Письмо третье 
Левисон В. ,Университеты Геттингена и Вюрцбурга,ученый,1858,отсутствуют,Духовная Беседа,1866,оригинальный текст,Иерусалимские письма. Письмо четвертое и последнее 
Левисон В. ,Университеты Геттингена и Вюрцбурга,ученый,1858,отсутствуют,Духовная Беседа,1866,оригинальный текст,Иерусалимские письма 
Мелетий (Метаксакис),Иерусалимская духовная семинария,митрополит,Неизвестно,отсутствуют,Духовная Беседа,1858,оригинальный текст,Письма из Иерусалима. Благодать Вам и мир и благословение от св. Живносного Гроба Городня и всех Святых мест 
Яхонтов И.К.,Санкт-Петербургская духовная академия,протоиерей,Неизвестно,отсутствуют,Духовная Беседа,1858,оригинальный текст,Вифлеемские пастыри 
Соколов Д. ,Неизвестно,священник,Неизвестно,отсутствуют,Духовная Беседа,1861,оригинальный текст,О современном паломничестве 
Соловьев П. ,Санкт-Петербургская духовная семинария,священник,Неизвестно,отсутствуют,Духовная Беседа,1863,оригинальный текст,Из воспоминаний о Востоке 
Соловьев П. ,Санкт-Петербургская духовная семинария,священник,Неизвестно,отсутствуют,Духовная Беседа,1864,оригинальный текст,Лавра преп. Саввы освященнаго 
Каминский В. ,Гимназия князя Безбородко,писатель,1863,отсутствуют,Духовная Беседа,1864,оригинальный текст,Русское богоугодное заведение в Иерусалиме. Из воспоминаний поклонника Святого Гроба 
Каминский В. ,Гимназия князя Безбородко,писатель,1863,отсутствуют,Духовная Беседа,1864,оригинальный текст,Гора сорокодневная 
Антонин (Капустин),Киевская духовная академия,архимандрит,1865,отсутствуют,Духовная Беседа,1866,Не оригинальный текст,Праздник Рождества Христова в Вифлееме 
Антонин (Капустин),Киевская духовная академия,архимандрит,1866,отсутствуют,Духовная Беседа,1866,Северная почта ,Праздник 30 августа 1866 г. в Иерусалиме 
Антонин (Капустин),Киевская духовная академия,архимандрит,1868,отсутствуют,Духовная Беседа,1868,Херсонские епархиальные ведомости,6-е января на Иордане 
Антонин (Капустин),Киевская духовная академия,архимандрит,1867,отсутствуют,Духовная Беседа,1867,оригинальный текст,Из Иерусалима [по поводу покушения 25 мая в Париже] 
Антонин (Капустин),Киевская духовная академия,архимандрит,1867,отсутствуют,Духовная Беседа,1868,Странник,Преосвященный Мелетий, наместник Иерусалимского Патриарха, митрополит Петры Аравийской 
Антонин (Капустин),Киевская духовная академия,архимандрит,1868,отсутствуют,Духовная Беседа,1868,оригинальный текст,Богословское училище близ Иерусалима 
Антонин (Капустин),Киевская духовная академия,архимандрит,1867,отсутствуют,Духовная Беседа,1868,оригинальный текст,Из Иерусалима [Памяти митрополита Московского Филарета] 
Антонин (Капустин),Киевская духовная академия,архимандрит,1869,отсутствуют,Духовная Беседа,1869,оригинальный текст,Наречение и хиротония архиепископа тивериадского в Иерусалиме 
Антонин (Капустин),Киевская духовная академия,архимандрит,1870,отсутствуют,Духовная Беседа,1870,оригинальный текст,Наставление поклонникам Святого Гроба, по прочтении Великого Канона 
Антонин (Капустин),Киевская духовная академия,архимандрит,1870,отсутствуют,Духовная Беседа,1870,оригинальный текст,Приветствие поклонникам Святого Гроба после приобщения Святых Тайн 
Антонин (Капустин),Киевская духовная академия,архимандрит,1871,отсутствуют,Духовная Беседа,1871,Херсонские епархиальные ведомости,"Из Иерусалима [минувшие святки Рождества Христова, патриаршее служение на Иордани, открытие патриаршей больницы, Лазарева суббота, Страстная Седмица, Пасха, праздник Троицы, Дуб Мамврийский] "
Антонин (Капустин),Киевская духовная академия,архимандрит,1870,отсутствуют,Духовная Беседа,1871,оригинальный текст,Слово, произнесенное на Голгофе, в Великий Пяток, при обношений плащаницы, 10 апреля 1870 г. 
Антонин (Капустин),Киевская духовная академия,архимандрит,1871,отсутствуют,Духовная Беседа,1871,оригинальный текст,Наставление русским поклонникам в Иерусалиме перед исповедью по прочтении исповедных молитв 
Антонин (Капустин),Киевская духовная академия,архимандрит,1871,отсутствуют,Духовная Беседа,1871,оригинальный текст,Приветствие поклонникам по причащении Святых Тайн 
Антонин (Капустин),Киевская духовная академия,архимандрит,1872,отсутствуют,Духовная Беседа,1872,оригинальный текст,Из Иерусалима. Поучение, произнесенное на Святой Голгофе в Иерусалиме при обношений Плащаницы 14 апреля 1872 г. 
Антонин (Капустин),Киевская духовная академия,архимандрит,1875,отсутствуют,Духовная Беседа,1875,Не оригинальный текст,Из Иерусалима. От Иерусалимской Духовной Миссии 
Антонин (Капустин),Киевская духовная академия,архимандрит,1872,отсутствуют,Духовная Беседа,1875,Странник,Новый Патриарх в Иерусалиме 
Антонин (Капустин),Киевская духовная академия,архимандрит,1872,отсутствуют,Духовная Беседа,1875,Странник,Новый Патриарх в Иерусалиме 
Антонин (Капустин),Киевская духовная академия,архимандрит,1876,отсутствуют,Духовная Беседа,1876,оригинальный текст,Наставление говеющим по прочтении Великого Канона в Иерусалиме 
Бодрова Е.Ф.,Неизвестно,начальница женской школы,1858,отсутствуют,Духовная Беседа,1858,оригинальный текст,Из Иерусалима. Благодать воскресшего Господа Иисуса Христа да пребудет во веки с Вами 
Бодрова Е.Ф.,Неизвестно,начальница женской школы,Неизвестно,отсутствуют,Духовная Беседа,1858,оригинальный текст,Письмо из Иерусалима 
И.К.,Неизвестно,Неизвестно,1858,отсутствуют,Духовная Беседа,1870,оригинальный текст,Яффа 
И.К. ,Неизвестно,Неизвестно,1858,отсутствуют,Духовная Беседа,1870,оригинальный текст,Дорога от Яффы до Иерусалима 
И.К. ,Неизвестно,Неизвестно,Неизвестно,отсутствуют,Духовная Беседа,1871,оригинальный текст,Лавра св. Саввы освященного. Из воспоминаний палестинского поклонника 
Аноним13,Неизвестно,Неизвестно,Неизвестно,отсутствуют,Духовная Беседа,1859,оригинальный текст,Церковные сведения. Крещение арабских детей в Иерусалиме и Вифлееме 
Аноним14,Неизвестно,Неизвестно,Неизвестно,отсутствуют,Духовная Беседа,1859,оригинальный текст,Плач иерусалимских евреев. Сообщено из Иерусалима 
Аноним15,Неизвестно,Неизвестно,1874,отсутствуют,Духовная Беседа,1874,оригинальный текст,Приветствие причастникам Святого тела и крови господней произнесённое в иерусалимском Троицком соборе 16 февраля 1874 года 
Аноним16,Неизвестно,Неизвестно,1893,отсутствуют,СИППО,1895,оригинальный текст,Греческий поклонник у Святых мест 
Аноним17,Неизвестно,Неизвестно,Неизвестно,отсутствуют,СИППО,1896,оригинальный текст,Встреча русскою духовною миссией русских поклонников в Иерусалиме 
Лоти П. (Луи?Мари Жюльен Вио),Морская школа (Франция),писатель,1895,отсутствуют,СИППО,1896,Не оригинальный текст,Русские паломники в Русском доме в Иерусалиме 
Коробов Л.А.,Неизвестно,чиновник,1894,отсутствуют,СИППО,1896,оригинальный текст,Русский путешественник в Заиорданье 
Коробов Л.А.,Неизвестно,чиновник,1895,отсутствуют,СИППО,1896,оригинальный текст,Русский путешественник в Заиорданье 
Коробов Л.А.,Неизвестно,чиновник,1895,отсутствуют,СИППО,1897,оригинальный текст,Русский путешественник за Иорданом 
Левитов П.Д. ,Неизвестно,смотритель Русского подворья в Иерусалиме,1864,отсутствуют,СИППО,1896,оригинальный текст,Из недавнего прошлого. (Письма Иерусалимского старожила) 
Иаков Воронский,Неизвестно,монах,1335,отсутствуют,СИППО,1897,Не оригинальный текст,Хождение ко святым местам августинского монаха Иакова Веронскаго в 1335 г. 
Аноним18,Неизвестно,Неизвестно,1163,отсутствуют,СИППО,1898,Не оригинальный текст,Хождение новгородских калик в Иерусалим в 1163-1168 гг. 
Макарий,Неизвестно,Неизвестно,1642,отсутствуют,СИППО,1898,оригинальный текст,Хождение в Иерусалим антиохийского патриарха Макария в 1642 г. 
Фоменко К.,Киевская духовная академия,священник,Неизвестно,отсутствуют,СИППО,1898,оригинальный текст,Пища я питие на Востоке (Заметки путешественника в Св. Землю священника А. К—на) 
Фоменко К.,Киевская духовная академия,священник,Неизвестно,отсутствуют,СИППО,1898,Киевские епархиальные ведомости,Жилища духовных лиц на Востоке 
Никанор (Каменский),Казанская духовная академия,епископ,1888,отсутствуют,СИППО,1899,Смоленские епархиальные ведомости,«Путешествие на Иордан» (из воспоминаний преосвященного Никанора, епископа Смоленского 
Аноним19,Неизвестно,Неизвестно,1897,отсутствуют,СИППО,1899,оригинальный текст,Нынешние Рождественские праздники в Вифлееме 
Кобейн С. ,Русская учительская семинария в Назарете,переводчик,1896,отсутствуют,СИППО,1899,оригинальный текст,Поездка в Заиорданье в 1896 году 
Хорнстейн К.А.,Неизвестно,Неизвестно,1895,отсутствуют,СИППО,1899,оригинальный текст,Посещение Петры К. Ал. Хорнстейном в 1895 г.
Летницкий Н.Н.,Казанская духовная академия,священник,Неизвестно,отсутствуют,СИППО,1900,оригинальный текст,Христианский смысл паломничества 
Маяков Ф.В.,Казанский университет,преподаватель,1899,отсутствуют,СИППО,1900,оригинальный текст,Поездка в Бет Джалу 
Стасевич А.А.,Неизвестно,учитель,1899,отсутствуют,СИППО,1900,оригинальный текст,Пасхальная прогулка в 1899 г. воспитанников Назаретского пансиона к Иордану и в Бёсан 
Викторовский И.В.,Киевская духовная академия,священник,Неизвестно,отсутствуют,СИППО,1901,Екатеринославские епархиальные ведомости,Древнее и современное значение Святой Земли 
Горталов Н.К.,Казанский университет,ученый,1899,отсутствуют,СИППО,1900,оригинальный текст,Первая поездка Русских гимназистов в Палестину 
Горталов Н.К.,Казанский университет,ученый,1899,отсутствуют,СИППО,1901,оригинальный текст,Молодые паломники в Св. Земле 
Пименов Г. ,Неизвестно,Неизвестно,1818,отсутствуют,СИППО,1902,оригинальный текст,Письма из Иерусалима 
Лебединский С. ,Неизвестно,Неизвестно,Неизвестно,отсутствуют,СИППО,1902,оригинальный текст,Письма из Иерусалима 
Михайловский М.,Неизвестно,Неизвестно,Неизвестно,отсутствуют,СИППО,1902,оригинальный текст,Русские паломники по отзыву итальянской писательницы 
Дашков Д.В.,Неизвестно,чиновник,1820,отсутствуют,СИППО,1902,оригинальный текст,Русские поклонники в Иерусалиме (Отрывок из путешествия по Греции и Палестине, в 1820 году) 
Аврелий Пальмиери,Неизвестно,монах,Неизвестно,отсутствуют,СИППО,1902,Bessarione. Rivista di studi orientali ,«Русское паломничество с точки зрения латинян» 
Хитрово В.Н.,Императорский Александровский лицей,чиновник,1898,отсутствуют,СИППО,1899,оригинальный текст,Письма о Св. Земле
Архангельский П. ,Пензенская духовная семинария,священник,1898,отсутствуют,СИППО,1900,оригинальный текст,О паломничестве духовенства к Святым местам Востока
Алексеев Н.Я.,Неизвестно,чиновник,1903,отсутствуют,СИППО,1903,оригинальный текст,Путешествие на Синай 
Аноним20,Неизвестно,Неизвестно,1898,отсутствуют,СИППО,1904,оригинальный текст,Паломнические караваны между Иерусалимом и Назаретом 
Васильев А.А.,Санкт-Петрбургский университет,ученый,1902,присутствуют,СИППО,1904,оригинальный текст,Поездка на Синай в 1902 г. (Путевые наброски)
Кин В.,Казанский учительский институт,учитель,1898,присутствуют,СИППО,1904,оригинальный текст,В окрестностях Дамаска 
Иероним (Суханов),Неизвестно,монах,1858,присутствуют,СИППО,1904,Тверские епархиальные ведомости,Вифлеемская звезда. Празднование Рождества Христова в Вифлееме в 1858 г. по описанию иеромонаха Иеронима из Пешношскаго монастыря. с 2 рисунками 
Восторгов И.,Ставропольская духовная семинария,священник,Неизвестно,отсутствуют,СИППО,1908,оригинальный текст,ІІоклонение Святой Земле 
Миртов П. ,Киевская духовная академия,священник,Неизвестно,отсутствуют,СИППО,1908,оригинальный текст,Подвиг паломничества ко Гробу Господню 
Миртов П. ,Киевская духовная академия,священник,Неизвестно,присутствуют,СИППО,1910,оригинальный текст,Русский богомолец на пути к Живоносному Гробу Господню 
Баллян А.,Казанская духовная академия,преподаватель,Неизвестно,отсутствуют,СИППО,1908,оригинальный текст,Протестанты в Назарете 
Стасевич А.А.,Глуховский учительский институт,чиновник,Неизвестно,присутствуют,СИППО,1908,оригинальный текст,Кана Галилейская 
Дмитриевский А.А. ,Казанская духовная академия,ученый,1887,отсутствуют,СИППО,1906,оригинальный текст,Ночь под Рождество Христово в Иерусалиме в 1887 году (Из впечатлений очевидца) 
Дмитриевский А.А. ,Казанская духовная академия,ученый,Неизвестно,присутствуют,СИППО,1906,оригинальный текст,Богослужение в праздник Рождества Христова в Вифлееме (с рисунком) 
Дмитриевский А.А. ,Казанская духовная академия,ученый,Неизвестно,отсутствуют,СИППО,1906,оригинальный текст,Праздник Богоявления на реке Иордан 
Дмитриевский А.А. ,Казанская духовная академия,ученый,1909,присутствуют,СИППО,1911,оригинальный текст,Пасха в Иерусалиме 
Дмитриевский А.А. ,Казанская духовная академия,ученый,1909,присутствуют,СИППО,1911,оригинальный текст,Праздник Вознесения Господня на Елеонской горе (с пятью рисунками) 
Дмитриевский А.А. ,Казанская духовная академия,ученый,Неизвестно,присутствуют,СИППО,1911,оригинальный текст,Праздник Святой Троицы на Сионской горе и у дуба Мамврийского в Хевроне 
Дмитриевский А.А. ,Казанская духовная академия,ученый,1888,отсутствуют,СИППО,1908,оригинальный текст,Праздник Богоявления Господня в Иерусалим и Иордане 
Дмитриевский А.А. ,Казанская духовная академия,ученый,1893,присутствуют,СИППО,1908,оригинальный текст,Праздник Благовещения Пресвятой Богородицы в Назарете и паломнические хождения по Галилее в марте месяце 
Стеллецкий И.Я.,Киевская духовная академия,ученый,1906,отсутствуют,СИППО,1908,оригинальный текст,В страну Гадаринскую из путевых впечатлений 
Аноним23,Неизвестно,Неизвестно,1909,отсутствуют,СИППО,1910,оригинальный текст,Русские экскурсии в Святую Землю летом 1909 г. 
Стасевич А.А.,Глуховский учительский институт,чиновник,1906,отсутствуют,СИППО,1912,оригинальный текст,Кана Галилейская 
Хитрово С.Д.,Санкт-Петербургская консерватория,общественный деятель,Неизвестно,присутствуют,СИППО,1911,оригинальный текст,У стены плача в Иерусалиме. Из впечатлений паломника 
Соловьев В.А.,Казанский учительский институт,журналист,1905,присутствуют,СИППО,1906,оригинальный текст,По Палестине и Сирии - I. В Сафури -II. Хусун Слеман. Путевые эскизы с рисунком 
Соловьев В.А.,Казанский учительский институт,журналист,Неизвестно,отстутствуют,СИППО,1906,оригинальный текст,У подножия Ермона. Из путевых впечатлений 
Дмитриевский А.А. ,Казанская духовная академия,ученый,Неизвестно,отстутствуют,СИППО,1906,оригинальный текст,Церковный обряд умовения ног в современной практике Иерусалимской церкви 
Дмитриевский А.А. ,Казанская духовная академия,ученый,Неизвестно,отстутствуют,СИППО,1906,оригинальный текст,Современное богослужение в Иерусалиме в четверг и пятницу Страстной седмицы 
Дмитриевский А.А. ,Казанская духовная академия,ученый,Неизвестно,присутствуют,СИППО,1906,оригинальный текст,Обряд Воздвижения Креста, совершаемый 14 сентября в Иерусалиме на месте обретения Креста Господня (с тремя рисунками) 
Дмитриевский А.А. ,Казанская духовная академия,ученый,Неизвестно,отстутствуют,СИППО,1907,оригинальный текст,Иконная и книжная лавка на русских постройках в Иерусалиме 
Дмитриевский А.А. ,Казанская духовная академия,ученый,Неизвестно,отстутствуют,СИППО,1907,оригинальный текст,Державные защитники и покровители Святой Земли и августейшие паломники у Живоносного Гроба Господня 
Дмитриевский А.А. ,Казанская духовная академия,ученый,Неизвестно,присутствуют,СИППО,1905,оригинальный текст,Иерусалимское торжество св. огня (с двумя рисунками) 
Дмитриевский А.А. ,Казанская духовная академия,ученый,Неизвестно,присутствуют,СИППО,1905,оригинальный текст,Празднества в Гефсимании в честь Успения Богоматери. (по личным воспоминаниям.) 
Дмитриевский А.А. ,Казанская духовная академия,ученый,Неизвестно,присутствуют,СИППО,1909,оригинальный текст,Праздник Входа Господня в Иерусалим в Святогробском храме и Суббота праведного Лазаря в Вифании (с тремя рисунками) 
Дмитриевский А.А. ,Казанская духовная академия,ученый,Неизвестно,отстутствуют,СИППО,1909,оригинальный текст,Последние дни Страстной Седмицы в Иерусалиме. I. Великая пятница в Святогробском храме в Иерусалиме. 2. «Благодать св. огня» на Живоносном Гробе Господнем в великую субботу (с планом кувуклии и двумя рисунками) 
Дмитриевский А.А. ,Казанская духовная академия,ученый,Неизвестно,присутствуют,СИППО,1909,оригинальный текст,Благодать святого огня на Живоносном Гробе Господнем в великую субботу 
Хабиб Азиз Хабибович,Неизвестно,преподаватель,1908,отстутствуют,СИППО,1909,оригинальный текст,Прогулка в города Тир, Акру и Кайфу 
Померанцев И.,Неизвестно,Неизвестно,1908,отстутствуют,СИППО,1909,оригинальный текст,Патриарший кризис в Иерусалиме (13 декабря 1908 г. – 16 февраля 1909 г.) 
Дмитриевский А.А. ,Казанская духовная академия,ученый,1909,присутствуют,СИППО,1909,оригинальный текст,Памяти члена Русской Духовной Мисси в Иерусалиме о. игумена Парфения, убиенного на горе Елеонской. (Некролог)
Богоявленский Н.М.,Белгородский учительский институт,учитель,1901,отстутствуют,СИППО,1903,оригинальный текст,Паломничество воспитанников Назаретской учительской семинарии в Иерусалим и окрестные места, в Сентябре 1901 г. 
Хури Фози,Московская духовная семинария,публицист,Неизвестно,отстутствуют,СИППО,1906,оригинальный текст,Ильин день в Палестине. Из личных наблюдений 
Горбунов Г.А.,Неизвестно,врач,1911,отстутствуют,СИППО,1913,оригинальный текст,Несколько дней в Палестине. Впечатление туриста 
Коробов (Неофит),Неизвестно,монах,Неизвестно,отстутствуют,СИППО,1913,оригинальный текст,От Одессы и до Яфы и обратно. Паломнические заметки священника-руководителя 
Аноним25,Неизвестно,Неизвестно,Неизвестно,отстутствуют,СИППО,1913,оригинальный текст,Паломничество на Синай (с английского) 
Брюн де Сент-Ипполит В.А. (Копьева),Неизвестно,публицист,1858,отстутствуют,Странник,1860,оригинальный текст,Торжество Пасхи в Иерусалиме 
Герасим (Доброседов),Московская духовная академия,епископ,1838,отстутствуют,Странник,1865,оригинальный текст,Замечательная рукопись. Рассказ крестьянина Восточной Сибири Якова Ланшакова 
Аноним21,Неизвестно,Неизвестно,1877,отстутствуют,Странник,1877,Не оригинальный текст,Из палестинских впечатлений путешественницы-англичанки. От Хаифа до Иерусалима. (с английского М.П.) 
Ковальницкий А.,Киевская духовная академия,священник,1894,отстутствуют,Странник,1890,оригинальный текст,Из путешествия в Святую Землю 
Князев А. ,Санкт-Петербургская духовная академия,ученый,1843,отстутствуют,Странник,1889,оригинальный текст,Странствования русского слепца-паломника» (Памяти слепца-паломника Гр. И. Ширяева) 
Лоти П.,Морская школа (Франция),писатель,1894,отстутствуют,Странник,1898,оригинальный текст,Из путевых впечатлений 
Муяки Е. ,Неизвестно,писатель,1895,отстутствуют,Странник,1904,оригинальный текст,Страстная и пасхальная неделя в Иерусалиме 
Никанор (Каменский),Казанская духовная академия,епископ,1896,отстутствуют,Странник,1896,оригинальный текст,Из путешествия в Иерусалим и ко святыням его 
Смышляев Д.Д.,Пермская гимназия,земский деятель,1885,отстутствуют,Странник,1893,оригинальный текст,Поездка в Назарет 
Сулоцкий А. ,Санкт-Петербургская духовная академия,священник,1850,отстутствуют,Странник,1862,оригинальный текст,Киргиз на поклонение Св. местам русским и палестинским 
Соловьев П. ,Санкт-Петербургская духовная семинария,священник,1848,отстутствуют,Странник,1865,оригинальный текст,Лавра преподобного Саввы освященного 
Соловьев П. ,Санкт-Петербургская духовная семинария,священник,1848,отстутствуют,Странник,1865,оригинальный текст,Русские старцы в Саввинском монастыре 
Соловьев П. ,Санкт-Петербургская духовная семинария,священник,1848,отстутствуют,Странник,1865,оригинальный текст,Путешествие полковничьего каравана к Иордану 
Соловьев П. ,Санкт-Петербургская духовная семинария,священник,1850,отстутствуют,Странник,1866,оригинальный текст,Источник Иоава (Бире-Айюбе) 
Соловьев П. ,Санкт-Петербургская духовная семинария,священник,1849,отстутствуют,Странник,1867,оригинальный текст,Льем-тнень – ер рахеб (монахов понедельник) Из воспоминаний о Востоке 
Соловьев П. ,Санкт-Петербургская духовная семинария,священник,1852,отстутствуют,Странник,1867,оригинальный текст,Зима в Иерусалиме 

